minute,mid,bid,ask,signal,quoted_bid,quoted_ask,inventory,cash,execution,pnl
0,98.7748075543417,98.7498075543417,98.79980755434171,0.0,98.7498075543417,98.79980755434171,-1,98.79980755434171,sell,0.025000000000005684
1,99.49651344762884,99.47151344762884,99.52151344762885,0.0,99.47151344762884,99.52151344762885,-2,198.32132100197055,sell,-0.6717058932871396
2,99.39627285435081,99.3712728543508,99.42127285435082,0.0,99.3712728543508,99.42127285435082,-3,297.7425938563214,sell,-0.44622470673107273
3,99.96691362977715,99.94191362977715,99.99191362977716,0.0,99.94191362977715,99.99191362977716,-4,397.73450748609855,sell,-2.1331470330100615
4,98.56684923793009,98.54184923793008,98.59184923793009,0.0,98.54184923793008,98.59184923793009,-3,299.19265824816847,buy,3.4921105343782415
5,98.20518097912282,98.18018097912281,98.23018097912282,-0.65858244887431,98.16700933014532,98.21700933014533,-2,201.02564891802314,buy,4.615286959777507
6,99.03764073375673,99.01264073375673,99.06264073375674,-0.5814315415994965,99.00101210292473,99.05101210292474,-3,300.0766610209479,sell,2.963738819677701
7,98.36890214164772,98.34390214164772,98.39390214164773,-0.895701877980032,98.32598810408811,98.37598810408812,-4,398.45264912503603,sell,4.97704055844514
8,98.77676853447076,98.75176853447076,98.80176853447077,-0.9985615094581478,98.7317973042816,98.78179730428161,-3,299.72085182075443,buy,3.3905462173421483
9,99.25721421886392,99.23221421886392,99.28221421886393,0.9158664532714732,99.25053154792934,99.30053154792935,-4,399.0213833686838,sell,1.9925264932281266
10,98.79309947850582,98.76809947850582,98.81809947850583,0.9436708528606138,98.78697289556303,98.83697289556304,-5,497.8583562642468,sell,3.892858871717692
11,98.00780526148853,97.98280526148852,98.03280526148853,-0.974545934729898,97.96331434279392,98.01331434279393,-6,595.8716706070408,sell,7.824839038109644
12,96.40385263097902,96.37885263097901,96.42885263097902,-0.9411715605633046,96.36002919976775,96.41002919976776,-7,692.2816998068085,sell,17.45473138995544
13,95.8827889381501,95.8577889381501,95.9077889381501,-0.9613339589876526,95.83856225897034,95.88856225897035,-8,788.1702620657788,sell,21.107950560578047
14,97.17849140023984,97.15349140023983,97.20349140023984,-0.9431051104150058,97.13462929803153,97.18462929803154,-9,885.3548913638103,sell,10.748468761651793
15,97.49377505936882,97.46877505936881,97.51877505936882,-0.9099755242900803,97.45057554888301,97.50057554888302,-10,982.8554669126934,sell,7.917716319005194
16,97.93418421845652,97.90918421845652,97.95918421845653,-0.08856349368766968,97.90741294858276,97.95741294858277,-9,884.9480539641106,buy,3.540395998001941
17,95.60293236134576,95.57793236134576,95.62793236134577,-0.6545155147247056,95.56484205105127,95.61484205105128,-8,789.3832119130593,buy,24.559753022293194
18,97.33054482532924,97.30554482532924,97.35554482532925,0.9262243830193843,97.32406931298962,97.37406931298963,-9,886.7572812260489,sell,10.78237779808569
19,98.96530073500533,98.94030073500532,98.99030073500533,0.8984557281413229,98.95826984956815,99.00826984956817,-8,787.7990113764807,buy,-3.9233945035618945
20,99.53980478118324,99.51480478118323,99.56480478118324,0.8700011164073473,99.53220480351138,99.58220480351139,-7,688.2668065729694,buy,-8.511826895313334
21,100.81910650926831,100.7941065092683,100.84410650926831,0.8903649262061074,100.81191380779242,100.86191380779243,-6,587.454892765177,buy,-17.459746290432918
22,100.87846156983579,100.85346156983579,100.9034615698358,0.9984802243052681,100.8734311743219,100.9234311743219,-7,688.3783239394988,sell,-17.770907049351763
23,100.81920301937102,100.79420301937101,100.84420301937102,0.9991942268033371,100.81418690390707,100.86418690390708,-8,789.242510843406,sell,-17.311113311562167
24,101.89954465643424,101.87454465643424,101.92454465643425,0.998195444635319,101.89450856532694,101.94450856532696,-9,891.1870194087329,sell,-25.90888249917532
25,101.24439299600094,101.21939299600093,101.26939299600095,0.9987089610832582,101.2393671752226,101.28936717522261,-10,992.4763865839556,sell,-19.967543376053868
26,101.17991613770647,101.15491613770646,101.20491613770648,0.685196325887222,101.16862006422421,101.21862006422423,-9,891.3077665197313,buy,-19.311478719626848
27,100.39962962715252,100.37462962715252,100.42462962715253,-0.697065311917023,100.36068832091418,100.41068832091419,-8,790.9470781988172,buy,-12.249958818403002
28,98.99103346236726,98.96603346236725,99.01603346236726,-0.9275505853620349,98.94748245066,98.99748245066002,-9,889.9445606494771,sell,-0.9747405118281449
29,97.6581171715202,97.6331171715202,97.68311717152021,-0.9917843462701396,97.6132814845948,97.6632814845948,-10,987.6078421340719,sell,11.026670418869912
30,98.19666130559878,98.17166130559878,98.22166130559879,-0.9680651557341301,98.1523000024841,98.20230000248411,-9,889.4555421315878,buy,5.685590381198722
31,97.81404986267141,97.7890498626714,97.83904986267142,-0.9949861155154422,97.76915014036109,97.8191501403611,-10,987.2746922719489,sell,9.134193645234745
32,97.55890821048328,97.53390821048328,97.58390821048329,-0.9998838100261093,97.51391053428276,97.56391053428277,-11,1084.8386028062316,sell,11.690612490915555
33,97.4207682738761,97.3957682738761,97.44576827387611,-0.9999472662512551,97.37576932855107,97.42576932855108,-12,1182.2643721347827,sell,13.215152848269327
34,98.51353222375992,98.48853222375992,98.53853222375993,0.9555309116875809,98.50764284199367,98.55764284199368,-13,1280.8220149767762,sell,0.14609606789713325
35,97.90651113207856,97.88151113207856,97.93151113207857,-0.5960588474645473,97.86958995512927,97.91958995512928,-14,1378.7416049319056,sell,8.050449082805699
36,97.6885104070589,97.6635104070589,97.7135104070589,-0.28508302933763363,97.65780874647214,97.70780874647215,-15,1476.4494136783778,sell,11.121757572494289
37,97.33413855519086,97.30913855519086,97.35913855519087,-0.4434409909347577,97.30026973537215,97.35026973537217,-14,1379.1491439430056,buy,16.47120417033352
38,98.14686005858508,98.12186005858507,98.17186005858508,0.9250370426137767,98.14036079943735,98.19036079943736,-13,1281.0087831435683,buy,5.099602381962313
39,97.58299064090306,97.55799064090306,97.60799064090307,-0.9950507601024025,97.538089625701,97.58808962570102,-14,1378.5968727692693,sell,12.43500379662646
40,96.42772316520008,96.40272316520007,96.45272316520008,-0.9810710888797526,96.38310174342247,96.43310174342248,-15,1475.0299745126918,sell,28.614127034690682
41,97.03873938396774,97.01373938396773,97.06373938396774,-0.7693386727852806,96.99835261051203,97.04835261051204,-16,1572.0783271232037,sell,19.45849697971994
42,96.92093680003717,96.89593680003716,96.94593680003717,-0.5555382683472047,96.88482603467021,96.93482603467022,-17,1669.013153157874,sell,21.35722755724214
43,97.05297601958252,97.02797601958251,97.07797601958252,-0.9902097865999211,97.00817182385052,97.05817182385053,-18,1766.0713249817245,sell,19.11775662923924
44,99.68867476299837,99.66367476299837,99.71367476299838,0.9263197191328966,99.68220115738103,99.73220115738104,-19,1865.8035261391055,sell,-28.281294357863544
45,100.55936145389339,100.53436145389338,100.5843614538934,0.982965038543031,100.55402075466424,100.60402075466425,-20,1966.40754689377,sell,-44.779682184097965
46,99.61980390645782,99.59480390645781,99.64480390645782,0.913283684100631,99.61306958013982,99.66306958013983,-21,2066.07061647391,sell,-25.94526556170422
47,100.30884013625976,100.28384013625976,100.33384013625977,0.9845008898454808,100.30353015405666,100.35353015405667,-20,1965.7670863198532,buy,-40.4097164053419
48,101.54690800474324,101.52190800474324,101.57190800474325,0.9999794904735829,101.54190759455271,101.59190759455272,-19,1864.2251787253006,buy,-65.16607336482116
49,100.71317789480918,100.68817789480917,100.73817789480918,0.8995012623953357,100.70616792005708,100.7561679200571,-18,1763.5190108052434,buy,-49.318191301321804
50,102.51784216793239,102.49284216793238,102.54284216793239,0.9405636569661211,102.5116534410717,102.56165344107171,-17,1661.0073573641716,buy,-81.79595949067902
51,103.29007087543323,103.26507087543322,103.31507087543324,0.9947035062364588,103.28496494555796,103.33496494555797,-16,1557.7223924186137,buy,-94.91874158831797
52,101.45413589784553,101.42913589784553,101.47913589784554,0.8140010291841913,101.4454159184292,101.49541591842922,-15,1456.2769765001844,buy,-65.53506196749845
53,99.95312877712604,99.92812877712603,99.97812877712605,-0.8294835326216541,99.9115391064736,99.96153910647361,-16,1556.238515606658,sell,-43.01154482735865
54,101.19569936904651,101.1706993690465,101.22069936904651,0.3598647795433676,101.17789666463737,101.22789666463738,-17,1657.4664122712954,sell,-62.860477002495145
55,99.66752004555785,99.64252004555784,99.69252004555786,-0.9625144693339842,99.62326975617117,99.67326975617118,-18,1757.1396820274667,sell,-36.87567879257449
56,100.23745768827877,100.21245768827876,100.26245768827877,-0.9991746367538494,100.19247419554368,100.24247419554369,-19,1857.3821562230105,sell,-47.12953985428612
57,99.59408067114641,99.56908067114641,99.61908067114642,-0.9935966007295612,99.54920873913181,99.59920873913183,-20,1956.9813649621424,sell,-34.90024846078586
58,99.06972567491259,99.04472567491258,99.0947256749126,-0.7977635527769937,99.02877040385704,99.07877040385705,-21,2056.0601353659995,sell,-24.40410380716503
59,99.43137097712636,99.40637097712636,99.45637097712637,-0.9995099066701649,99.38638077899296,99.43638077899297,-22,2155.4965161449923,sell,-31.993645351787563
60,99.67480010155505,99.64980010155504,99.69980010155506,0.01713856844314486,99.65014287292391,99.70014287292392,-21,2055.8463732720684,buy,-37.32442886058789
61,100.74798562548398,100.72298562548397,100.77298562548398,0.6709365986550206,100.73640435745708,100.78640435745709,-20,1955.1099689146113,buy,-59.849743595068276
62,100.39575635570995,100.37075635570994,100.42075635570995,0.8202930946143242,100.38716221760222,100.43716221760224,-21,2055.5471311322135,sell,-52.76375233769522
63,101.49892338277996,101.47392338277996,101.52392338277997,0.9941261159779551,101.49380590509952,101.54380590509953,-22,2157.090937037313,sell,-75.88537738384639
64,100.31059193736809,100.28559193736808,100.3355919373681,0.8659402352943002,100.30291074207396,100.35291074207397,-23,2257.443847779387,sell,-49.699766780079244
65,101.11464186502188,101.08964186502187,101.13964186502189,0.9938534388265162,101.1095189337984,101.15951893379841,-24,2358.6033667131856,sell,-68.14803804733947
66,101.5667142230138,101.5417142230138,101.59171422301381,0.8795130163506416,101.55930448334081,101.60930448334082,-25,2460.2126711965266,sell,-78.95518437881856
67,101.26737084810927,101.24237084810926,101.29237084810927,0.9390896996113595,101.2611526421015,101.3111526421015,-26,2561.5238238386282,sell,-71.42781821221251
68,102.26313406656571,102.2381340665657,102.28813406656572,0.7921800804371641,102.25397766817444,102.30397766817445,-25,2459.269846170454,buy,-97.3085054936887
69,102.05853925415256,102.03353925415256,102.08353925415257,0.9982719572959521,102.05350469329848,102.10350469329849,-24,2357.2163414771553,buy,-92.18860062250633
70,103.20169467885836,103.17669467885835,103.22669467885837,0.9926931661466419,103.19654854218129,103.2465485421813,-23,2254.0197929349742,buy,-119.61918467876785
71,104.45748540038447,104.43248540038446,104.48248540038448,0.9824580786137697,104.45213456195674,104.50213456195675,-22,2149.5676583730174,buy,-148.49702043544085
72,105.20647182695227,105.18147182695226,105.23147182695227,0.9936619806867975,105.20134506656599,105.251345066566,-23,2254.8190034395834,sell,-164.92984858031878
73,104.38339261113335,104.35839261113334,104.40839261113335,0.9371088507584049,104.37713478814851,104.42713478814852,-22,2150.441868651435,buy,-145.99276879349873
74,103.80876861607287,103.78376861607286,103.83376861607287,0.9811507464290936,103.80339163100145,103.85339163100146,-23,2254.2952602824366,sell,-133.30641788723915
75,102.92496715217491,102.89996715217491,102.94996715217492,-0.31492879164432463,102.89366857634202,102.94366857634203,-24,2357.2389288587788,sell,-112.96028279341908
76,100.844826652013,100.81982665201299,100.869826652013,-0.9739641631142608,100.8003473687507,100.85034736875072,-25,2458.0892762275294,sell,-63.0313900727956
77,100.54808817174217,100.52308817174216,100.57308817174217,-0.9908379478505411,100.50327141278515,100.55327141278516,-26,2558.6425476403147,sell,-55.60774482498164
78,100.00395846369585,99.97895846369585,100.02895846369586,-0.990232742144787,99.95915380885295,100.00915380885296,-27,2658.651701449168,sell,-41.455177070620266
79,102.05195294302149,102.02695294302148,102.0769529430215,-0.9010054064618668,102.00893283489225,102.05893283489226,-28,2760.7106342840602,sell,-96.74404812054172
80,101.36552648559223,101.34052648559222,101.39052648559223,-0.9633910475839296,101.32125866464054,101.37125866464055,-29,2862.081892948701,sell,-77.51837513347391
81,102.94886072874564,102.92386072874564,102.97386072874565,0.9462399717039081,102.94278552817971,102.99278552817972,-28,2759.139107420521,buy,-123.42899298435668
82,104.60932411167714,104.58432411167713,104.63432411167715,0.9821140764496532,104.60396639320612,104.65396639320613,-29,2863.7930738137275,sell,-169.8773254249095
83,103.90752603877094,103.88252603877093,103.93252603877094,0.9945822974176968,103.90241768471928,103.9524176847193,-30,2967.745491498447,sell,-149.4802896646811
84,102.9448241978735,102.9198241978735,102.9698241978735,0.6235797638105784,102.9322957931497,102.98229579314972,-29,2864.8131957052974,buy,-120.58670603303426
85,104.48996849352179,104.46496849352178,104.51496849352179,0.9991441603745983,104.48495137672927,104.53495137672928,-30,2969.3481470820266,sell,-165.3509077236272
86,105.2009413286957,105.1759413286957,105.22594132869571,0.9898757802500805,105.1957388443007,105.24573884430072,-29,2864.152408237726,buy,-186.6748902944496
87,105.45283031602087,105.42783031602086,105.47783031602087,0.6811848630972385,105.44145401328281,105.49145401328282,-28,2758.710954224443,buy,-193.96829462414144
88,103.70044549727979,103.67544549727978,103.7254454972798,-0.19587255906682913,103.67152804609844,103.72152804609846,-27,2655.0394261783445,buy,-144.87260224820966
89,102.93608239426194,102.91108239426194,102.96108239426195,-0.008353007028269709,102.91091533412137,102.96091533412138,-28,2758.0003415124656,sell,-124.20996552686893
90,102.84553576534339,102.82053576534338,102.87053576534339,-0.8695462375317078,102.80314484059275,102.85314484059276,-29,2860.8534863530585,sell,-121.66705084189971
91,104.57217031393978,104.54717031393977,104.59717031393978,-0.5120980534224335,104.53692835287133,104.58692835287134,-30,2965.44041470593,sell,-171.7246947122635
92,106.5381243242217,106.51312432422169,106.5631243242217,0.6128928589135617,106.52538218139996,106.57538218139997,-29,2858.91503252453,buy,-230.69057287789929
93,104.70678626899776,104.68178626899775,104.73178626899777,0.5801906372253621,104.69339008174227,104.74339008174228,-30,2963.6584226062723,sell,-177.5451654636604
94,103.33544844976672,103.31044844976671,103.36044844976672,0.27120843022337826,103.31587261837117,103.36587261837118,-29,2860.3425499879013,buy,-136.3854550553333
95,105.07680720411994,105.05180720411994,105.10180720411995,0.9595136767437432,105.07099747765481,105.12099747765483,-28,2755.2715525102467,buy,-186.87904920511164
96,103.59981081854667,103.57481081854667,103.62481081854668,-0.6399289708633726,103.5620122391294,103.61201223912941,-29,2858.883564749376,sell,-145.5109489884776
97,103.51034643583637,103.48534643583636,103.53534643583637,-0.9990718116441453,103.46536499960348,103.51536499960349,-28,2755.4181997497726,buy,-142.8715004536457
98,105.18693623708695,105.16193623708695,105.21193623708696,0.4837661122180558,105.17161155933131,105.22161155933132,-29,2860.639811309104,sell,-189.7813395664175
99,105.25522226922189,105.23022226922188,105.2802222692219,0.9737206773687113,105.24969668276925,105.29969668276927,-28,2755.3901146263347,buy,-191.75610891187807
100,106.08242671415928,106.05742671415928,106.10742671415929,0.7126120668947666,106.07167895549718,106.12167895549719,-27,2649.3184356708375,buy,-214.90708561146312
101,104.58086500608378,104.55586500608378,104.60586500608379,0.7734488246973333,104.57133398257773,104.62133398257774,-26,2544.7471016882596,buy,-174.35538846991858
102,104.81731567596067,104.79231567596067,104.84231567596068,0.9794310409427808,104.81190429677952,104.86190429677953,-25,2439.93519739148,buy,-180.49769450753683
103,104.61762086918507,104.59262086918507,104.64262086918508,-0.7209295040520491,104.57820227910403,104.62820227910404,-26,2544.563399670584,sell,-175.49474292822788
104,104.0926128849794,104.0676128849794,104.11761288497941,-0.915554208637202,104.04930180080666,104.09930180080667,-27,2648.662701471391,sell,-161.83784642305318
105,105.02157505590463,104.99657505590463,105.04657505590464,-0.9956424244119415,104.9766622074164,105.02666220741641,-28,2753.6893636788072,sell,-186.91473788652274
106,105.52144597029877,105.49644597029877,105.54644597029878,0.9459237450197201,105.51536444519915,105.56536444519917,-27,2648.173999233608,buy,-200.9050419644591
107,104.81713335632281,104.79213335632281,104.84213335632282,-0.00034726900989957594,104.79212641094261,104.84212641094263,-28,2753.0161256445504,sell,-181.86360833248864
108,106.01316641719262,105.98816641719262,106.03816641719263,0.9579537539466836,106.00732549227155,106.05732549227156,-27,2647.008800152279,buy,-215.34669311192192
109,106.47416952326134,106.44916952326133,106.49916952326134,0.9980665040772112,106.46913085334288,106.51913085334289,-28,2753.527931005622,sell,-227.74881564569523
110,105.86990033133465,105.84490033133464,105.89490033133465,0.8790758048907394,105.86248184743246,105.91248184743247,-29,2859.4404128530546,sell,-210.78669675565015
111,107.15088719680462,107.12588719680461,107.17588719680462,0.9561662074237617,107.1450105209531,107.1950105209531,-28,2752.2954023321013,buy,-247.92943917842786
112,107.17758409695757,107.15258409695757,107.20258409695758,0.9990784719009014,107.17256566639558,107.2225656663956,-27,2645.1228366657056,buy,-248.67193395214872
113,106.40328671173556,106.37828671173556,106.42828671173557,0.6077741469119939,106.3904421946738,106.4404421946738,-26,2538.732394471032,buy,-227.7530600340924
114,107.6725335818685,107.6475335818685,107.69753358186851,0.932905400580255,107.66619168988011,107.71619168988012,-25,2431.066202781152,buy,-260.74713676556075
115,106.72678057187082,106.70178057187081,106.75178057187082,0.9439795097411067,106.72066016206564,106.77066016206565,-24,2324.3455426190862,buy,-237.09719110581364
116,107.64788768896547,107.62288768896546,107.67288768896547,0.7099789868123078,107.6370872687017,107.68708726870172,-23,2216.7084553503846,buy,-259.19296149582124
117,105.61607840545966,105.59107840545965,105.64107840545967,-0.9457673899121518,105.57216305766141,105.62216305766142,-24,2322.330618408046,sell,-212.4552633229855
118,105.06432736450651,105.0393273645065,105.08932736450652,-0.8124034058428629,105.02307929638965,105.07307929638966,-25,2427.4036977044357,sell,-199.20448640822724
119,106.77896587805054,106.75396587805054,106.80396587805055,-0.7023702161328575,106.73991847372788,106.7899184737279,-24,2320.663779230708,buy,-242.03140184250515
120,107.86039322911918,107.83539322911918,107.88539322911919,0.7269125143945079,107.84993147940706,107.89993147940707,-25,2428.5637107101147,sell,-267.9461200178648
121,109.6719688043486,109.64696880434859,109.6969688043486,0.7998124412952341,109.66296505317449,109.7129650531745,-26,2538.2766757632894,sell,-313.19451314977414
122,108.7842151220882,108.7592151220882,108.8092151220882,0.9432553376101873,108.7780802288404,108.8280802288404,-27,2647.10475599213,sell,-290.0690523042513
123,108.7788412498907,108.7538412498907,108.80384124989071,0.997694102983716,108.77379513195038,108.82379513195039,-26,2538.3309608601794,buy,-289.9189116369789
124,107.33923761573554,107.31423761573554,107.36423761573555,0.5497311994611561,107.32523223972476,107.37523223972477,-25,2431.0057286204546,buy,-252.47521177293402
125,106.56908135285545,106.54408135285544,106.59408135285545,-0.7754666890568324,106.5285720190743,106.57857201907431,-26,2537.584300639529,sell,-233.21181453471263
126,105.08781418966832,105.06281418966832,105.11281418966833,-0.9942672324961758,105.0429288450184,105.0929288450184,-27,2642.6772294845473,sell,-194.6937536364976
127,104.27176554447854,104.24676554447854,104.29676554447855,-0.9871492343938735,104.22702255979065,104.27702255979067,-28,2746.954252044338,sell,-172.6551832010614
128,102.81775279888423,102.79275279888422,102.84275279888423,-0.997319612507413,102.77280640663407,102.82280640663409,-29,2849.777058450972,sell,-131.93777271667068
129,103.07077150252726,103.04577150252726,103.09577150252727,-0.9922686423103784,103.02592612968105,103.07592612968106,-30,2952.8529845806534,sell,-139.27016049516442
130,102.37257645138097,102.34757645138096,102.39757645138097,-0.9988733186208858,102.32759898500854,102.37759898500855,-31,3055.230583565662,sell,-118.31928642714774
131,100.33120874901047,100.30620874901047,100.35620874901048,-0.9973378235241454,100.28626199253998,100.33626199253999,-32,3155.566845558202,sell,-55.03183441013289
132,99.9706486564031,99.9456486564031,99.9956486564031,-0.994646917750609,99.92575571804808,99.97575571804809,-33,3255.5426012762505,sell,-43.488804385051935
133,99.0349032144076,99.0099032144076,99.05990321440761,-0.9770498070685236,98.99036221826623,99.04036221826624,-34,3354.5829634945167,sell,-12.603745795342093
134,99.0813806603579,99.05638066035789,99.1063806603579,-0.9943708297298223,99.03649324376329,99.0864932437633,-35,3453.66945673828,sell,-14.178866374246354
135,98.6348881712512,98.6098881712512,98.65988817125121,-0.9999470382051283,98.5898892304871,98.63988923048711,-36,3552.309345968767,sell,1.4533718037237122
136,99.76532787453867,99.74032787453866,99.79032787453868,-0.7706158416898214,99.72491555770486,99.77491555770487,-37,3652.084261526472,sell,-39.232869831459084
137,98.80961453804471,98.7846145380447,98.83461453804472,-0.9909351894592767,98.76479583425552,98.81479583425553,-38,3750.8990573607275,sell,-3.8662950849716253
138,98.173740573384,98.14874057338399,98.198740573384,-0.8980888336868249,98.13077879671026,98.18077879671027,-39,3849.079836157438,sell,20.30395379546235
139,97.99587405325549,97.97087405325549,98.0208740532555,-0.9164480759849936,97.95254509173579,98.0025450917358,-40,3947.082381249174,sell,27.24741911895444
140,98.44998205735482,98.42498205735481,98.47498205735482,-0.25795288002970984,98.41982299975422,98.46982299975423,-41,4045.5522042489283,sell,9.10293989738102
141,96.82751894560329,96.80251894560328,96.8525189456033,-0.9992087857106865,96.78253476988907,96.83253476988908,-42,4142.3847390188175,sell,75.62894330347945
142,95.85668557802887,95.83168557802887,95.88168557802888,-0.9911946383158321,95.81186168526256,95.86186168526257,-43,4238.24660070408,sell,116.40912084883894
143,95.62904029614205,95.60404029614205,95.65404029614206,-0.9659411249377533,95.58472147364328,95.6347214736433,-44,4333.881322177724,sell,126.2035491474735
144,95.53410054320337,95.50910054320336,95.55910054320337,-0.9646496173200169,95.48980755085697,95.53980755085698,-45,4429.421129728581,sell,130.3866052844296
145,95.57572421466352,95.55072421466352,95.60072421466353,-0.9999508333213138,95.53072519799709,95.5807251979971,-46,4525.001854926578,sell,128.5185410520562
146,93.11646276244706,93.09146276244705,93.14146276244706,-0.9970400016502018,93.07152196241405,93.12152196241406,-47,4618.1233768889915,sell,241.6496270539801
147,94.2520942493625,94.2270942493625,94.2770942493625,-0.8938875529764819,94.20921649830296,94.25921649830298,-46,4523.914160390688,buy,188.31782492001366
148,92.6518604922592,92.6268604922592,92.67686049225921,-0.9763363739342662,92.6073337647805,92.65733376478052,-47,4616.571494155469,sell,261.934051019286
149,94.6581852667362,94.63318526673619,94.6831852667362,-0.6307242654144956,94.6205707814279,94.67057078142791,-48,4711.242064936897,sell,167.64917213355966
150,94.72029007425155,94.69529007425155,94.74529007425156,-0.7207157207788272,94.68087575983597,94.73087575983598,-47,4616.561189177061,buy,164.7075556872387
151,94.36392942172796,94.33892942172795,94.38892942172797,0.8995120363505638,94.35691966245497,94.40691966245498,-46,4522.2042695146065,buy,181.46351611512
152,93.77987158665509,93.75487158665509,93.8048715866551,-0.5008239835452781,93.74485510698418,93.79485510698419,-45,4428.459414407623,buy,208.36519300814325
153,93.13148101073189,93.10648101073188,93.1564810107319,0.6135684443824674,93.11875237961954,93.16875237961955,-46,4521.628166787243,sell,237.58004029357562
154,94.7441702380862,94.71917023808619,94.7691702380862,0.12416889834852983,94.72165361605316,94.77165361605317,-45,4426.9065131711895,buy,163.418852457311
155,94.11340672192071,94.0884067219207,94.13840672192072,-0.7580365278976451,94.07324599136275,94.12324599136277,-46,4521.029759162552,sell,191.8130499541994
156,94.23978192034734,94.21478192034733,94.26478192034735,-0.20491653071105415,94.21068358973311,94.26068358973312,-45,4426.819075572819,buy,186.02888915718904
157,94.32427359764307,94.29927359764307,94.34927359764308,0.7225312139254241,94.31372422192158,94.36372422192159,-44,4332.505351350897,buy,182.23731305460205
158,95.11886921272803,95.09386921272802,95.14386921272803,0.9998601190150899,95.11386641510832,95.16386641510833,-43,4237.391484935789,buy,147.28010878848363
159,96.402651246009,96.377651246009,96.427651246009,0.9391196768666163,96.39643363954633,96.44643363954634,-44,4333.837918575336,sell,92.12126375093976
160,95.09973955201745,95.07473955201745,95.12473955201746,0.8128240713488097,95.09099603344443,95.14099603344444,-43,4238.746922541891,buy,149.4581218051403
161,94.69603724481459,94.67103724481458,94.7210372448146,0.524124986885885,94.6815197445523,94.73151974455232,-42,4144.065402797339,buy,166.83183851512604
162,94.19195121792912,94.16695121792911,94.21695121792912,-0.16011780182095728,94.16374886189269,94.2137488618927,-43,4238.2791516592315,sell,188.0252492882796
163,93.81407776339407,93.78907776339406,93.83907776339407,-0.8628454447445595,93.77182085449917,93.82182085449918,-42,4144.507330804732,buy,204.31606474218142
164,90.98145348085266,90.95645348085266,91.00645348085267,-0.9974574394688013,90.93650433206328,90.98650433206329,-43,4235.4938351367955,sell,323.291335460131
165,92.3131366064189,92.28813660641889,92.3381366064189,-0.9495095173373618,92.26914641607215,92.31914641607216,-42,4143.224688720723,buy,266.0729512511293
166,91.36771686283231,91.3427168628323,91.39271686283232,-0.981006687818109,91.32309672907594,91.37309672907595,-43,4234.597785449799,sell,305.7859603480092
167,90.81481472928307,90.78981472928307,90.83981472928308,-0.9914942723129365,90.76998484383681,90.81998484383682,-44,4325.417770293636,sell,329.56592220518087
168,90.54041010572536,90.51541010572535,90.56541010572536,-0.9998509126839273,90.49541308747168,90.54541308747169,-45,4415.963183381107,sell,341.6447286234661
169,91.00855311649386,90.98355311649385,91.03355311649386,0.03943626475588739,90.98434184178898,91.03434184178899,-44,4324.978841539319,buy,320.60250441358903
170,90.8267067121659,90.8017067121659,90.8517067121659,-0.9998835374888587,90.78170904141612,90.83170904141613,-43,4234.197132497902,buy,328.64874387476857
171,90.22688006782212,90.20188006782212,90.25188006782213,-0.9988698720698025,90.18190267038072,90.23190267038073,-44,4324.429035168283,sell,354.4463121841095
172,90.64502449863014,90.62002449863013,90.67002449863014,-0.5177789407619362,90.6096689198149,90.6596689198149,-45,4415.088704088098,sell,336.06260164974174
173,91.35054157867373,91.32554157867372,91.37554157867373,0.9593592619239412,91.3447287639122,91.39472876391221,-46,4506.48343285201,sell,304.3585202330187
174,90.17147711424815,90.14647711424814,90.19647711424815,-0.9397790102773309,90.1276815340426,90.1776815340426,-47,4596.661114386053,sell,358.6016900163895
175,91.73426931561606,91.70926931561605,91.75926931561607,0.864247023931871,91.72655425609469,91.7765542560947,-48,4688.437668642147,sell,285.1927414925767
176,91.83494055666752,91.80994055666751,91.85994055666752,0.9775445499713237,91.82949144766694,91.87949144766695,-49,4780.317160089814,sell,280.405072813106
177,92.8521884571206,92.8271884571206,92.87718845712061,0.9793554279311385,92.84677556567922,92.89677556567923,-48,4687.470384524135,buy,230.56533858234616
178,91.30497736206885,91.27997736206885,91.32997736206886,-0.04691879854210734,91.279038986098,91.32903898609801,-49,4778.799423510232,sell,304.8555327688582
179,92.28551602425641,92.2605160242564,92.31051602425642,0.9984716578216506,92.28048545741284,92.33048545741285,-50,4871.129908967645,sell,256.8541077548243
180,93.76013525456314,93.73513525456313,93.78513525456314,0.9726778558540861,93.75458881168021,93.80458881168022,-49,4777.375320155965,buy,183.12869268237137
181,94.23751135824769,94.21251135824768,94.26251135824769,0.9678987372552645,94.23186933299279,94.2818693329928,-48,4683.143450822972,buy,159.74290562708302
182,93.70216239185763,93.67716239185762,93.72716239185763,0.6016952779176934,93.68919629741598,93.73919629741599,-47,4589.454254525556,buy,185.45262210824785
183,93.26944466581556,93.24444466581555,93.29444466581556,0.9904163148407694,93.26425299211236,93.31425299211237,-48,4682.768507517669,sell,205.83516355852225
184,93.04907288339551,93.0240728833955,93.07407288339552,0.9290389638480709,93.04265366267246,93.09265366267248,-49,4775.861161180341,sell,216.45658989396088
185,92.8196203664813,92.7946203664813,92.84462036648131,-0.9315644678348768,92.7759890771246,92.82598907712462,-50,4868.687150257465,sell,227.70613193339977
186,91.51154834653819,91.48654834653819,91.5365483465382,-0.9972743731787107,91.46660285907461,91.51660285907462,-51,4960.20375311654,sell,293.1147874430917
187,90.90417063399866,90.87917063399865,90.92917063399867,-0.9907541776021497,90.85935555044661,90.90935555044662,-52,5051.113108666987,sell,324.0962356990567
188,91.36920904440046,91.34420904440046,91.39420904440047,-0.9645205913482618,91.32491863257349,91.3749186325735,-53,5142.48802729956,sell,299.919947946335
189,92.3710518899206,92.34605188992059,92.3960518899206,-0.7006969990153564,92.33203794994029,92.3820379499403,-54,5234.8700652495,sell,246.8332631937883
190,91.17002193681687,91.14502193681686,91.19502193681687,-0.9947516867420038,91.12512690308202,91.17512690308203,-55,5326.045192152582,sell,311.693985627654
191,90.87917110242428,90.85417110242427,90.90417110242429,-0.7756483005948122,90.83865813641238,90.88865813641239,-56,5416.933850288994,sell,327.7002685532343
192,91.43792285379729,91.41292285379728,91.4629228537973,0.7403859467894961,91.42773057273307,91.47773057273308,-57,5508.411580861727,sell,296.4499781952818
193,89.71455403753706,89.68955403753705,89.73955403753706,-0.9378632299989964,89.67079677293707,89.72079677293708,-58,5598.132377634664,sell,394.68824345751545
194,89.07672974724046,89.05172974724046,89.10172974724047,-0.9970086315401754,89.03178957460966,89.08178957460967,-59,5687.214167209274,sell,431.68711212208655
195,89.87986038935585,89.85486038935585,89.90486038935586,-0.8766626633283122,89.83732713608929,89.8873271360893,-60,5777.101494345363,sell,384.30987098401147
196,90.31118847583588,90.28618847583587,90.33618847583588,-0.5700125310922283,90.27478822521402,90.32478822521404,-61,5867.426282570577,sell,358.44378554458854
197,90.03881377589667,90.01381377589666,90.06381377589668,-0.9953057696135229,89.99390766050439,90.0439076605044,-62,5957.470190231082,sell,375.0637361254885
198,91.14505576425364,91.12005576425364,91.17005576425365,0.9573771370200741,91.13920330699403,91.18920330699405,-61,5866.3309869240875,buy,306.482585304615
199,90.6745316170472,90.64953161704719,90.6995316170472,0.9962245277679236,90.66945610760254,90.71945610760255,-60,5775.661530816485,buy,335.18963379365323
200,90.15000608738721,90.1250060873872,90.17500608738722,0.5370461648026643,90.13574701068326,90.18574701068327,-61,5865.847277827168,sell,366.69690649654785
201,90.26125673208116,90.23625673208116,90.28625673208117,-0.10929944579548968,90.23407074316525,90.28407074316526,-62,5956.131348570333,sell,359.9334311813009
202,90.15561013682563,90.13061013682562,90.18061013682563,0.2647089825489662,90.1359043164766,90.18590431647661,-61,5865.9954442538565,buy,366.5032259074933
203,91.0137458180597,90.9887458180597,91.03874581805971,-0.33165532032024736,90.98211271165329,91.0321127116533,-62,5957.02755696551,sell,314.17531624580806
204,90.40426762081626,90.37926762081625,90.42926762081626,-0.6357030057207012,90.36655356070183,90.41655356070184,-61,5866.661003404808,buy,352.00067853501605
205,90.57107715819662,90.54607715819661,90.59607715819662,0.8490198227153654,90.56305755465091,90.61305755465092,-62,5957.274060959459,sell,341.86727715126926
206,90.76553787870493,90.74053787870493,90.79053787870494,0.9107035464426679,90.75875194963378,90.80875194963379,-61,5866.515309009826,buy,329.8174984088246
207,90.43773481948122,90.41273481948122,90.46273481948123,0.8053837324824853,90.42884249413086,90.47884249413087,-60,5776.086466515695,buy,349.82237734682167
208,88.92336343838426,88.89836343838425,88.94836343838426,-0.993049501529209,88.87850244835367,88.92850244835368,-61,5865.014968964048,sell,440.6897992226086
209,89.33707112885754,89.31207112885754,89.36207112885755,-0.8613181799898071,89.29484476525775,89.34484476525776,-62,5954.359813729307,sell,415.46140374013885
210,88.67822914075099,88.65322914075098,88.70322914075099,-0.9669576342229009,88.63388998806653,88.68388998806654,-63,6043.043703717373,sell,456.315267850061
211,89.41807411323065,89.39307411323064,89.44307411323065,-0.9638247652280353,89.37379761792607,89.42379761792608,-64,6132.467501335299,sell,409.71075808853766
212,87.35487674889526,87.32987674889526,87.37987674889527,-0.998785818104099,87.30990103253318,87.35990103253319,-65,6219.827402367832,sell,541.7604136896398
213,87.39379994915201,87.368799949152,87.41879994915202,-0.9074039402857281,87.3506518703463,87.40065187034631,-66,6307.228054238179,sell,539.2372575941463
214,86.0692646008517,86.04426460085169,86.0942646008517,-0.9870382868060569,86.02452383511557,86.07452383511558,-67,6393.302578073294,sell,626.6618498162306
215,85.26538264562828,85.24038264562827,85.29038264562828,-0.9739334720894631,85.22090397618648,85.27090397618649,-68,6478.573482049481,sell,680.5274621467579
216,85.82535883574681,85.8003588357468,85.85035883574682,-0.9989464842659105,85.78037990606148,85.8303799060615,-69,6564.403861955542,sell,642.4541022890126
217,86.59366759383656,86.56866759383655,86.61866759383656,-0.7365711754703502,86.55393617032715,86.60393617032716,-70,6651.007798125869,sell,589.4510665573098
218,86.57381792688787,86.54881792688786,86.59881792688788,-0.9006364320724835,86.53080519824641,86.58080519824642,-69,6564.476992927623,buy,590.8835559723593
219,84.55028771833474,84.52528771833474,84.57528771833475,-0.9395224367652107,84.50649726959944,84.55649726959945,-68,6479.9704956580235,buy,730.5509308112605
220,84.46085827348935,84.43585827348934,84.48585827348936,-0.6459430114176484,84.42293941326099,84.472939413261,-67,6395.547556244763,buy,736.6700519209762
221,83.87842593235558,83.85342593235558,83.90342593235559,-0.9090717711555703,83.83524449693246,83.88524449693247,-68,6479.432800741695,sell,775.6998373415154
222,84.87817009825534,84.85317009825533,84.90317009825534,-0.9332520068786879,84.83450505811776,84.88450505811777,-69,6564.317305799813,sell,707.7235690201942
223,84.82135031331786,84.79635031331786,84.84635031331787,-0.9996973807067194,84.77635636570372,84.82635636570373,-70,6649.143662165517,sell,711.6491402332658
224,85.64787295547069,85.62287295547068,85.6728729554707,0.9352343822956142,85.64157764311659,85.6915776431166,-69,6563.5020845224,buy,653.7988505949224
225,85.23786404450678,85.21286404450677,85.26286404450678,0.8286230260898587,85.22943650502857,85.27943650502858,-68,6478.2726480173715,buy,682.0978929909106
226,86.3764934813884,86.35149348138839,86.4014934813884,0.9991671704280298,86.37147682479694,86.42147682479695,-67,6391.901171192574,buy,604.6761079395519
227,85.75492624259171,85.7299262425917,85.77992624259171,0.9056563878290914,85.74803937034828,85.79803937034829,-68,6477.699210562922,sell,646.3642260666866
228,86.07312450637792,86.04812450637792,86.09812450637793,0.9939348288549903,86.06800320295501,86.11800320295502,-69,6563.817213765878,sell,624.7716228258005
229,85.4723217516406,85.4473217516406,85.49732175164061,-0.36719642408107694,85.43997782315898,85.489977823159,-68,6478.3772359427185,buy,666.2593568311568
230,84.43752973926883,84.41252973926882,84.46252973926883,-0.7914545335459681,84.3967006485979,84.44670064859791,-69,6562.823936591316,sell,736.6343845817673
231,85.21941129144314,85.19441129144313,85.24441129144314,-0.9529603649035829,85.17535208414506,85.22535208414507,-70,6648.049288675461,sell,682.6904982744418
232,85.70286182703185,85.67786182703185,85.72786182703186,-0.08461420254119303,85.67616954298103,85.72616954298104,-69,6562.37311913248,buy,648.8756530672817
233,88.33383585040384,88.30883585040384,88.35883585040385,0.9105452048997991,88.32704675450184,88.37704675450185,-70,6650.750165886981,sell,467.38165635871246
234,89.35333970371012,89.32833970371011,89.37833970371013,0.949910447705987,89.34733791266423,89.39733791266424,-69,6561.402827974317,buy,396.02238841831877
235,88.67667676421844,88.65167676421844,88.70167676421845,0.9789240124364814,88.67125524446716,88.72125524446717,-68,6472.73157272985,buy,442.7175527629961
236,88.3722152740674,88.3472152740674,88.3972152740674,0.9784991621528669,88.36678525731045,88.41678525731047,-67,6384.364787472539,buy,463.4263641100233
237,88.6721746171487,88.64717461714869,88.6971746171487,0.9999990230833636,88.66717459761036,88.71717459761037,-68,6473.0819620701495,sell,443.3740881040376
238,89.74077864593177,89.71577864593176,89.76577864593177,0.9864560001475313,89.73550776593471,89.78550776593472,-67,6383.346454304215,buy,370.71428502678646
239,90.26343257144441,90.2384325714444,90.28843257144442,0.8072175877819833,90.25457692320005,90.30457692320006,-66,6293.0918773810145,buy,335.7053276656834
240,90.97241611136621,90.94741611136621,90.99741611136622,0.9713272062960484,90.96684265549213,91.01684265549214,-65,6202.125034725523,buy,288.91798748671863
241,91.46990782998039,91.44490782998038,91.49490782998039,0.9932090307615943,91.46477201059561,91.51477201059562,-64,6110.660262714927,buy,256.58616159618214
242,92.71377606032867,92.68877606032866,92.73877606032868,0.9982395238901686,92.70874085080646,92.75874085080648,-63,6017.95152186412,buy,176.98363006341424
243,91.70842238576712,91.68342238576712,91.73342238576713,0.9741183847163076,91.70290475346144,91.75290475346145,-62,5926.248617110658,buy,240.32642919309728
244,91.21704004023502,91.19204004023501,91.24204004023503,0.8892358066144807,91.2098247563673,91.25982475636731,-61,5835.038792354291,buy,270.7993498999549
245,91.71914307935383,91.69414307935382,91.74414307935383,0.865153154455242,91.71144614244292,91.76144614244294,-60,5743.327346211849,buy,240.17876145061928
246,93.3216446267845,93.2966446267845,93.34664462678451,0.973732154646758,93.31611926987743,93.36611926987744,-59,5650.0112269419715,buy,144.03419396168556
247,92.56536447172877,92.54036447172876,92.59036447172878,-0.17595554496317836,92.5368453608295,92.58684536082951,-60,5742.598072302801,sell,188.67620399907446
248,91.62750264107989,91.60250264107988,91.65250264107989,-0.09546607376449812,91.60059331960458,91.6505933196046,-61,5834.2486656224055,sell,244.97100451653205
249,92.09877383748409,92.07377383748408,92.1237738374841,0.852851813114246,92.09083087374637,92.14083087374638,-60,5742.157834748659,buy,216.23140449961375
250,91.62087524057414,91.59587524057413,91.64587524057414,-0.13627965061746902,91.59314964756179,91.6431496475618,-59,5650.564685101098,buy,244.93304590722346
251,92.17187251156444,92.14687251156444,92.19687251156445,-0.9936474517766755,92.12699956252891,92.17699956252892,-60,5742.741684663627,sell,212.4293339697606
252,93.55982893406252,93.53482893406252,93.58482893406253,0.8489535182317095,93.55180800442714,93.60180800442716,-59,5649.189876659199,buy,129.1599695495106
253,93.097741226351,93.072741226351,93.12274122635101,0.9519108069420535,93.09177944248984,93.14177944248985,-58,5556.09809721671,buy,156.42910608835155
254,92.85917089188759,92.83417089188758,92.88417089188759,0.757430756734851,92.84931950702227,92.89931950702228,-57,5463.248777709688,buy,170.27603687209557
255,92.63309188086834,92.60809188086833,92.65809188086834,0.960783576580309,92.62730755239994,92.67730755239995,-58,5555.926085262087,sell,183.206756171724
256,92.6948587109064,92.6698587109064,92.71985871090641,0.8833194735079408,92.68752510037656,92.73752510037657,-59,5648.663610362464,sell,179.6669464189863
257,92.57347219336243,92.54847219336243,92.59847219336244,-0.9998246845467469,92.52847569967149,92.5784756996715,-60,5741.242086062136,sell,186.83375446039008
258,91.61981285813276,91.59481285813276,91.64481285813277,-0.9951885039176112,91.5749090880544,91.62490908805441,-61,5832.866995150191,sell,244.0584108040921
259,92.4655463037549,92.4405463037549,92.49054630375491,-0.7108629759008664,92.42632904423688,92.47632904423689,-60,5740.440666105954,buy,192.50788788065984
260,92.2354255265939,92.2104255265939,92.2604255265939,-0.7329816777185966,92.19576589303952,92.24576589303953,-61,5832.686431998994,sell,206.32547487676584
261,92.74626076162042,92.72126076162041,92.77126076162043,0.11705948573365066,92.72360195133508,92.7736019513351,-60,5739.962830047659,buy,175.1871843504332
262,93.21361627573397,93.18861627573396,93.23861627573397,0.7930722496973402,93.20447772072791,93.25447772072792,-61,5833.2173077683865,sell,147.18671494861428
263,93.30433862994545,93.27933862994544,93.32933862994545,0.9986107516800254,93.29931084497905,93.34931084497906,-60,5739.917996923407,buy,141.6576791266807
264,92.59692551858794,92.57192551858793,92.62192551858794,0.2879176889097536,92.57768387236612,92.62768387236613,-59,5647.340313051041,buy,184.12170745435287
265,92.12963634575983,92.10463634575983,92.15463634575984,-0.21719816374204579,92.100292382485,92.150292382485,-60,5739.490605433526,sell,211.7124246879357
266,93.91121780681671,93.8862178068167,93.93621780681671,0.9351064146562293,93.90491993510983,93.95491993510984,-59,5645.585685498416,buy,104.82383489623044
267,93.46284858712657,93.43784858712657,93.48784858712658,0.3366767257912826,93.4445821216424,93.49458212164241,-58,5552.141103376774,buy,131.29588532343223
268,92.25604216747283,92.23104216747282,92.28104216747283,-0.8725139688598732,92.21359188809562,92.26359188809563,-59,5644.40469526487,sell,201.29820738397302
269,92.9866942486392,92.96169424863919,93.0116942486392,0.469389647148753,92.97108204158216,93.02108204158218,-60,5737.425777306452,sell,158.2241223881001
270,94.9661169289159,94.94111692891589,94.9911169289159,0.992507818111463,94.96096708527811,95.01096708527812,-61,5832.43674439173,sell,39.503611727860516
271,94.2784470277553,94.2534470277553,94.30344702775531,0.33209723589598256,94.26008897247321,94.31008897247322,-60,5738.176655419256,buy,81.46983375393756
272,93.16766325589366,93.14266325589365,93.19266325589366,-0.2665361836421101,93.13733253222081,93.18733253222082,-59,5645.039322887035,buy,148.1471907893092
273,93.55506489138946,93.53006489138946,93.58006489138947,0.918337417603605,93.54843163974152,93.59843163974153,-60,5738.637754526777,sell,125.33386104340934
274,93.79699923449365,93.77199923449365,93.82199923449366,0.8229881684409709,93.78845899786246,93.83845899786247,-61,5832.476213524639,sell,110.85926022052627
275,95.01368543991326,94.98868543991325,95.03868543991327,0.06667448540110449,94.99001892962127,95.04001892962128,-62,5927.516232454261,sell,36.66773517963884
276,95.30467958874135,95.27967958874135,95.32967958874136,0.7982524687624933,95.2956446381166,95.34564463811661,-61,5832.220587816144,buy,18.635132902921214
277,95.57216369859111,95.5471636985911,95.59716369859112,0.9897094446141895,95.56695788748338,95.6169578874834,-62,5927.837545703627,sell,2.3633963909778686
278,95.84962214692825,95.82462214692825,95.87462214692826,0.9937693870841425,95.84449753466993,95.89449753466994,-61,5831.993048168957,buy,-14.833902793666311
279,95.4915317403238,95.46653174032379,95.5165317403238,0.9999625220524634,95.48653099076483,95.53653099076485,-60,5736.506517178193,buy,7.014612758764997
280,96.45470201357953,96.42970201357953,96.47970201357954,0.9967997608609629,96.44963800879675,96.49963800879677,-61,5833.006155186989,sell,-50.73066764136183
281,95.42602036540339,95.40102036540338,95.4510203654034,0.28038896323681267,95.40662814466812,95.45662814466813,-62,5928.462783331657,sell,12.049520676647262
282,94.02969086392578,94.00469086392577,94.05469086392579,-0.938770445505211,93.98591545501567,94.03591545501568,-63,6022.498698786673,sell,98.62817435934903
283,94.50632589370032,94.48132589370032,94.53132589370033,-0.8904295223857607,94.4635173032526,94.51351730325261,-62,5928.03518148342,buy,68.64297607400022
284,95.89385150585898,95.86885150585897,95.91885150585898,0.3846099264400924,95.87654370438777,95.92654370438778,-63,6023.961725187808,sell,-17.35091968130746
285,97.47488262886802,97.44988262886801,97.49988262886802,0.64117993450208,97.46270622755806,97.51270622755807,-64,6121.474431415366,sell,-116.91805683218718
286,98.03374969424705,98.00874969424704,98.05874969424706,0.9012801763560925,98.02677529777417,98.07677529777418,-63,6023.447656117592,buy,-152.6785746199721
287,97.2184150575396,97.1934150575396,97.24341505753961,0.9777307325273512,97.21296967219014,97.26296967219015,-62,5926.234686445401,buy,-101.30704712205443
288,96.56108759466147,96.53608759466147,96.58608759466148,0.9860021183551746,96.55580763702856,96.60580763702858,-61,5829.678878808372,buy,-60.54746446597801
289,97.19696760651382,97.17196760651382,97.22196760651383,0.9851982131160049,97.19167157077614,97.24167157077615,-62,5926.920550379148,sell,-99.29144122470916
290,97.9279578289184,97.90295782891839,97.9529578289184,0.6354810892639084,97.91566745070367,97.96566745070368,-61,5829.004882928444,buy,-144.60054463557753
291,97.39991559512534,97.37491559512533,97.42491559512534,-0.8601345323648937,97.35771290447803,97.40771290447805,-62,5926.412595832922,sell,-112.38217106484808
292,96.92439899593941,96.8993989959394,96.94939899593942,-0.5173828468873531,96.88905133900165,96.93905133900167,-61,5829.523544493921,buy,-82.86479425838297
293,97.37612809827503,97.35112809827503,97.40112809827504,0.9765430720540168,97.37065895971611,97.42065895971612,-60,5732.152885534205,buy,-110.41480036229677
294,98.24570338416369,98.22070338416368,98.2707033841637,0.9660660590981504,98.24002470534565,98.29002470534566,-59,5633.912860828859,buy,-162.58363883679885
295,97.63449413036636,97.60949413036636,97.65949413036637,-0.5432579873998321,97.59862897061836,97.64862897061838,-58,5536.314231858241,buy,-126.4864277030074
296,97.09567765452417,97.07067765452416,97.12067765452417,-0.5277759052574397,97.06012213641901,97.11012213641902,-59,5633.42435399466,sell,-95.22062762226597
297,97.12271329316403,97.09771329316402,97.14771329316403,0.39625838262481283,97.10563846081652,97.15563846081653,-58,5536.318715533844,buy,-96.79865546966994
298,98.71014206014038,98.68514206014038,98.73514206014039,0.9549961736527485,98.70424198361343,98.75424198361344,-59,5635.072957517457,sell,-188.82542403082516
299,97.13089239047477,97.10589239047476,97.15589239047478,-0.9232071058519005,97.08742824835772,97.13742824835774,-60,5732.210385765815,sell,-95.643157662671
300,97.52667399362943,97.50167399362942,97.55167399362944,-0.1549481082972566,97.49857503146347,97.54857503146349,-61,5829.758960797279,sell,-119.36815281411691
301,98.8017138756829,98.7767138756829,98.82671387568291,0.9667875568092921,98.79604962681908,98.8460496268191,-62,5928.605010424098,sell,-197.10124986824303
302,99.21239823854798,99.18739823854797,99.23739823854798,0.9812846851935418,99.20702393225184,99.25702393225185,-61,5829.397986491846,buy,-222.5583060595809
303,98.26661215826138,98.24161215826138,98.29161215826139,-0.4724764230206194,98.23216262980097,98.28216262980098,-62,5927.6801491216465,sell,-164.8498046905588
304,97.65569898201302,97.63069898201302,97.68069898201303,0.6197596972902217,97.64309417595882,97.69309417595883,-61,5830.0370549456875,buy,-126.96058295710645
305,96.81872102252514,96.79372102252513,96.84372102252514,-0.6339232924640296,96.78104255667586,96.83104255667587,-60,5733.256012389012,buy,-75.86724896249689
306,97.77290018143955,97.74790018143955,97.79790018143956,-0.8243522450294487,97.73141313653896,97.78141313653897,-61,5831.037425525551,sell,-133.1094855422616
307,98.26170925431784,98.23670925431783,98.28670925431784,-0.922257120194803,98.21826411191394,98.26826411191395,-62,5929.305689637465,sell,-162.92028413024127
308,98.22580862754752,98.20080862754752,98.25080862754753,-0.06973857501014294,98.19941385604731,98.24941385604733,-61,5831.106275781417,buy,-160.66805049898176
309,98.84380613236165,98.81880613236164,98.86880613236166,0.9177575375699247,98.83716128311305,98.88716128311306,-60,5732.269114498304,buy,-198.35925344339557
310,98.5969107223136,98.57191072231359,98.6219107223136,0.9996835260018293,98.59190439283363,98.64190439283364,-59,5633.67721010547,buy,-183.54052251103167
311,97.41332891271838,97.38832891271838,97.43832891271839,-0.5812015213051499,97.37670488229227,97.42670488229228,-58,5536.300505223178,buy,-113.67257171448819
312,96.76802394310579,96.74302394310578,96.7930239431058,-0.9392352354873809,96.72423923839604,96.77423923839605,-57,5439.576265984782,buy,-76.20109877224786
313,97.90043429255032,97.87543429255031,97.92543429255032,-0.36486871791185754,97.86813691819208,97.91813691819209,-56,5341.70812906659,buy,-140.7161913162272
314,98.13665961098906,98.11165961098905,98.16165961098906,-0.7651925233012039,98.09635576052302,98.14635576052304,-57,5439.854484827113,sell,-153.93511299926286
315,96.90763732964487,96.88263732964487,96.93263732964488,-0.9929671383970227,96.86277798687692,96.91277798687693,-58,5536.76726281399,sell,-83.87570230541223
316,96.96827115370311,96.94327115370311,96.99327115370312,-0.6065768467896493,96.93113961676731,96.98113961676732,-57,5439.836123197222,buy,-87.35533256385497
317,98.16337309592058,98.13837309592057,98.18837309592058,0.9769189437452529,98.15791147479547,98.20791147479548,-56,5341.678211722427,buy,-155.47068164912525
318,96.0763631415521,96.05136314155209,96.1013631415521,-0.9668226419020494,96.03202668871404,96.08202668871405,-57,5437.760238411141,sell,-38.59246065732896
319,96.27421168999115,96.24921168999114,96.29921168999115,-0.9793042217736722,96.22962560555567,96.27962560555568,-58,5534.039864016696,sell,-49.86441400279091
320,95.402061169422,95.37706116942199,95.427061169422,-0.893039590871571,95.35920037760457,95.40920037760458,-59,5629.449064394301,sell,0.7274553984034355
321,93.54542341852671,93.5204234185267,93.57042341852672,-0.9677816916830433,93.50106778469305,93.55106778469306,-58,5535.947996609608,buy,110.31343833505889
322,92.89577519914633,92.87077519914632,92.92077519914633,-0.9979622349259107,92.85081595444781,92.90081595444782,-59,5628.848812564056,sell,147.99807581442292
323,91.30244283128843,91.27744283128843,91.32744283128844,-0.9838056044872234,91.25776671919868,91.3077667191987,-58,5537.591045844857,buy,242.04936163012826
324,91.58236333434392,91.55736333434392,91.60736333434393,-0.9931295408838051,91.53750074352624,91.58750074352625,-59,5629.178546588383,sell,225.81910986209186
325,90.56609530720982,90.54109530720982,90.59109530720983,-0.9993019572390812,90.52110926806503,90.57110926806504,-58,5538.657437320318,buy,285.82390950214904
326,90.46148082007308,90.43648082007307,90.48648082007308,-0.9962889501586547,90.4165550410699,90.46655504106991,-57,5448.240882279249,buy,291.93647553508345
327,91.03157977587571,91.00657977587571,91.05657977587572,-0.999197073954666,90.98659583439661,91.03659583439662,-58,5539.277478113645,sell,259.44585111285323
328,91.87805880613305,91.85305880613305,91.90305880613306,0.7301614369138171,91.86766203487133,91.91766203487134,-59,5631.195140148517,sell,210.3896705866664
329,92.16175315082675,92.13675315082675,92.18675315082676,0.637861217516599,92.14951037517709,92.1995103751771,-58,5539.04562977334,buy,193.66394702538855
330,92.32961854765448,92.30461854765447,92.35461854765448,0.9763456760548194,92.32414546117556,92.37414546117557,-57,5446.721484312165,buy,183.93322709585937
331,92.04132808475643,92.01632808475642,92.06632808475644,0.9960910376303205,92.03624990550902,92.08624990550904,-58,5538.807734217674,sell,200.4107053018006
332,91.74224510349303,91.71724510349303,91.76724510349304,0.9957728164678641,91.73716055982239,91.7871605598224,-59,5630.594894777496,sell,217.80243367140702
333,92.3608981262335,92.33589812623349,92.3858981262335,0.9581111259068344,92.35506034875162,92.40506034875163,-58,5538.239834428744,buy,181.30774310720153
334,93.14949569948956,93.12449569948956,93.17449569948957,0.9547179532282244,93.14359005855412,93.19359005855414,-59,5631.433424487298,sell,135.6131782174134
335,94.0249610966553,93.9999610966553,94.04996109665531,0.9502390673241154,94.01896587800178,94.06896587800179,-58,5537.414458609296,buy,83.9667150032883
336,93.75893707198937,93.73393707198936,93.78393707198937,0.9468875604001772,93.75287482319736,93.80287482319737,-59,5631.217333432493,sell,99.44004618512099
337,93.91468264520519,93.88968264520518,93.9396826452052,0.996239450553496,93.90960743421626,93.95960743421627,-58,5537.307725998277,buy,90.25613257637633
338,93.66211004097823,93.63711004097823,93.68711004097824,0.9990738906598786,93.65709151879143,93.70709151879144,-57,5443.650634479486,buy,104.91036214372707
339,93.71189296410458,93.68689296410457,93.73689296410458,0.9988382772475183,93.70686972964953,93.75686972964954,-58,5537.407504209135,sell,102.11771229106944
340,93.33967258098026,93.31467258098026,93.36467258098027,-0.9969652033829218,93.2947332769126,93.3447332769126,-59,5630.752237486048,sell,123.7115552082123
341,93.15401878039228,93.12901878039227,93.17901878039228,-0.9627339956578717,93.10976410047911,93.15976410047912,-60,5723.912001586527,sell,134.67087476299093
342,93.04060207011374,93.01560207011373,93.06560207011374,-0.9942374884504994,92.99571732034472,93.04571732034474,-61,5816.957718906872,sell,141.480992629934
343,92.32038853390738,92.29538853390737,92.34538853390738,-0.9895548961480541,92.27559743598441,92.32559743598442,-62,5909.283316342857,sell,185.41922724059987
344,93.40785743233052,93.38285743233051,93.43285743233052,-0.6041944055794777,93.37077354421892,93.42077354421893,-63,6002.7040898870755,sell,118.00907165025274
345,93.03654657778924,93.01154657778923,93.06154657778924,-0.6347422855317717,92.99885173207859,93.0488517320786,-64,6095.752941619154,sell,141.41396064064247
346,92.60099820908937,92.57599820908936,92.62599820908937,-0.8626325712672326,92.55874555766403,92.60874555766404,-65,6188.361687176818,sell,169.29680358600945
347,90.42450028554036,90.39950028554036,90.44950028554037,-0.9784415941684658,90.37993145365698,90.42993145365699,-66,6278.791618630476,sell,310.77459978481147
348,89.87652564244073,89.85152564244072,89.90152564244073,-0.9089095350189782,89.83334745174034,89.88334745174035,-67,6368.674966082216,sell,346.9477480386877
349,91.4143899055421,91.38938990554209,91.4393899055421,-0.8993389810394781,91.3714031259213,91.42140312592132,-68,6460.096369208138,sell,243.91785563127542
350,93.50669435230283,93.48169435230282,93.53169435230284,0.3032743671769968,93.48775983964636,93.53775983964637,-67,6366.608609368492,buy,101.66008776420222
351,91.06588040900985,91.04088040900984,91.09088040900986,-0.8022583023407618,91.02483524296304,91.07483524296305,-68,6457.683444611454,sell,265.2035767987845
352,90.499303907652,90.474303907652,90.52430390765201,0.054211390029380184,90.47538813545259,90.5253881354526,-67,6367.208056476002,buy,303.7546946633174
353,92.21796743109199,92.19296743109199,92.242967431092,0.9644510836275577,92.21225645276454,92.26225645276455,-68,6459.470312928766,sell,188.6485276145113
354,92.2852006648053,92.2602006648053,92.31020066480531,0.631239086218181,92.27282544652967,92.32282544652968,-69,6551.793138375296,sell,184.1142925037302
355,95.55631718033088,95.53131718033087,95.58131718033088,0.7800512613398614,95.54691820555767,95.59691820555769,-68,6456.246220169738,buy,-41.5833480927613
356,95.15928645517033,95.13428645517033,95.18428645517034,0.9566577814297179,95.15341961079892,95.20341961079893,-67,6361.092800558939,buy,-14.579391937472792
357,94.88536962928636,94.86036962928635,94.91036962928636,0.9907578335108304,94.88018478595657,94.93018478595658,-68,6456.022985344896,sell,3.8178505534242504
358,93.72029662366624,93.69529662366624,93.74529662366625,0.8115025448759748,93.71152667456376,93.76152667456377,-67,6362.311458670332,buy,83.05158488469442
359,94.00539160174976,93.98039160174976,94.03039160174977,0.9764006435561436,93.99991961462088,94.04991961462089,-66,6268.311539055711,buy,63.9556933402273
360,93.32117536895181,93.29617536895181,93.34617536895182,-0.9935720059175889,93.27630392883346,93.32630392883347,-67,6361.6378429845445,sell,109.11909326477326
361,93.31040122155399,93.28540122155398,93.335401221554,-0.9933263311907399,93.26553469493017,93.31553469493018,-66,6268.372308289614,buy,109.88582766705076
362,93.25135939842262,93.22635939842262,93.27635939842263,-0.999904728568589,93.20636130385124,93.25636130385125,-67,6361.628669593465,sell,113.78758989914968
363,96.34994365279601,96.32494365279601,96.37494365279602,0.9630780110089808,96.34420521301618,96.39420521301619,-68,6458.022874806481,sell,-93.7732935836475
364,95.81362619838002,95.78862619838002,95.83862619838003,0.8259174914019484,95.80514454820805,95.85514454820806,-67,6362.217730258273,buy,-57.29522503318822
365,97.08924648744612,97.06424648744611,97.11424648744612,0.9716289423635486,97.08367906629339,97.1336790662934,-66,6265.13405119198,buy,-142.75621697946372
366,95.82313748627173,95.79813748627173,95.84813748627174,0.9398797978665797,95.81693508222907,95.86693508222908,-65,6169.317116109751,buy,-59.18682049791187
367,94.92475142171803,94.89975142171802,94.94975142171803,0.9706637327551846,94.91916469637313,94.96916469637314,-66,6264.286280806124,sell,-0.7473130272665003
368,94.34906152847243,94.32406152847243,94.37406152847244,-0.9580996448091726,94.30489953557624,94.35489953557625,-67,6358.6411803416995,sell,37.254057934046614
369,93.89300569503094,93.86800569503093,93.91800569503094,-0.9070814100038748,93.84986406683085,93.89986406683086,-66,6264.791316274868,buy,67.85294040282679
370,93.62253943434452,93.59753943434451,93.64753943434452,-0.9992505164690989,93.57755442401513,93.62755442401514,-67,6358.418870698883,sell,85.70872859780047
371,92.65890687914127,92.63390687914126,92.68390687914128,-0.9988641937234574,92.6139295952668,92.66392959526681,-68,6451.08280029415,sell,150.27713251254318
372,92.07450350045853,92.04950350045853,92.09950350045854,-0.9956254034139436,92.02959099239025,92.07959099239027,-69,6543.16239128654,sell,190.02164975490086
373,92.3439418679263,92.3189418679263,92.36894186792631,-0.9868454549139865,92.29920495882801,92.34920495882803,-70,6635.511596245367,sell,171.43566549052593
374,93.4728444417587,93.44784444175869,93.4978444417587,-0.5464216925077159,93.43691600790854,93.48691600790855,-69,6542.074680237459,buy,92.4484137561085
375,93.33305682777934,93.30805682777934,93.35805682777935,-0.44187962319672464,93.2992192353154,93.34921923531542,-70,6635.423899472774,sell,102.10992152822018
376,93.94425974095954,93.91925974095953,93.96925974095954,0.9251237377516062,93.93776221571457,93.98776221571458,-71,6729.4116616884885,sell,59.36922008036163
377,94.44286551185995,94.41786551185994,94.46786551185996,0.9952997013311919,94.43777150588657,94.48777150588658,-72,6823.899433194375,sell,24.01311634045851
378,94.0049681537576,93.9799681537576,94.02996815375761,0.9988487977431291,93.99994512971246,94.04994512971247,-71,6729.899488064662,buy,55.546749147873015
379,91.76423384836859,91.73923384836858,91.7892338483686,-0.9264058195576278,91.72070573197743,91.77070573197744,-72,6821.67019379664,sell,214.64535671410158
380,92.10037021715576,92.07537021715575,92.12537021715576,-0.7641630637398678,92.06008695588095,92.11008695588096,-71,6729.610106840759,buy,190.4838214227002
381,92.20640284225041,92.1814028422504,92.23140284225042,-0.8890898138237376,92.16362104597393,92.21362104597394,-72,6821.823727886733,sell,182.96272324470283
382,90.99362889392913,90.96862889392912,91.01862889392913,-0.99604965996226,90.94870790072987,90.99870790072988,-73,6912.822435787462,sell,270.28752653063566
383,90.69200600382497,90.66700600382497,90.71700600382498,-0.9998900399878367,90.64700820302521,90.69700820302522,-72,6822.175427584437,buy,292.3509953090388
384,91.63970027330623,91.61470027330623,91.66470027330624,-0.18430515971665962,91.61101417011189,91.6610141701119,-73,6913.836441754549,sell,224.13832180319423
385,91.91608529178541,91.8910852917854,91.94108529178541,-0.28337356824235904,91.88541782042056,91.93541782042057,-74,7005.771859574969,sell,203.9815479828494
386,90.19476399022275,90.16976399022275,90.21976399022276,-0.993697649815449,90.14989003722644,90.19989003722645,-75,7095.971749612196,sell,331.3644503454889
387,90.4544916814735,90.4294916814735,90.4794916814735,-0.6125465233754065,90.41724075100599,90.467240751006,-76,7186.438990363202,sell,311.89762257121583
388,91.55548032608804,91.53048032608804,91.58048032608805,0.8067686042870561,91.54661569817378,91.59661569817379,-77,7278.035606061376,sell,228.26362095259628
389,91.1371312312495,91.11213123124949,91.1621312312495,-0.6003758939405117,91.10012371337068,91.15012371337069,-78,7369.1857297747465,sell,260.48949373728556
