minute,mid,bid,ask,signal,quoted_bid,quoted_ask
0,98.7748075543417,98.7498075543417,98.79980755434171,0.0,98.7498075543417,98.79980755434171
1,99.49651344762884,99.47151344762884,99.52151344762885,0.0,99.47151344762884,99.52151344762885
2,99.39627285435081,99.3712728543508,99.42127285435082,0.0,99.3712728543508,99.42127285435082
3,99.96691362977715,99.94191362977715,99.99191362977716,0.0,99.94191362977715,99.99191362977716
4,98.56684923793009,98.54184923793008,98.59184923793009,0.0,98.54184923793008,98.59184923793009
5,98.20518097912282,98.18018097912281,98.23018097912282,-0.65858244887431,98.16700933014532,98.21700933014533
6,99.03764073375673,99.01264073375673,99.06264073375674,-0.5814315415994965,99.00101210292473,99.05101210292474
7,98.36890214164772,98.34390214164772,98.39390214164773,-0.895701877980032,98.32598810408811,98.37598810408812
8,98.77676853447076,98.75176853447076,98.80176853447077,-0.9985615094581478,98.7317973042816,98.78179730428161
9,99.25721421886392,99.23221421886392,99.28221421886393,0.9158664532714732,99.25053154792934,99.30053154792935
10,98.79309947850582,98.76809947850582,98.81809947850583,0.9436708528606138,98.78697289556303,98.83697289556304
11,98.00780526148853,97.98280526148852,98.03280526148853,-0.974545934729898,97.96331434279392,98.01331434279393
12,96.40385263097902,96.37885263097901,96.42885263097902,-0.9411715605633046,96.36002919976775,96.41002919976776
13,95.8827889381501,95.8577889381501,95.9077889381501,-0.9613339589876526,95.83856225897034,95.88856225897035
14,97.17849140023984,97.15349140023983,97.20349140023984,-0.9431051104150058,97.13462929803153,97.18462929803154
15,97.49377505936882,97.46877505936881,97.51877505936882,-0.9099755242900803,97.45057554888301,97.50057554888302
16,97.93418421845652,97.90918421845652,97.95918421845653,-0.08856349368766968,97.90741294858276,97.95741294858277
17,95.60293236134576,95.57793236134576,95.62793236134577,-0.6545155147247056,95.56484205105127,95.61484205105128
18,97.33054482532924,97.30554482532924,97.35554482532925,0.9262243830193843,97.32406931298962,97.37406931298963
19,98.96530073500533,98.94030073500532,98.99030073500533,0.8984557281413229,98.95826984956815,99.00826984956817
20,99.53980478118324,99.51480478118323,99.56480478118324,0.8700011164073473,99.53220480351138,99.58220480351139
21,100.81910650926831,100.7941065092683,100.84410650926831,0.8903649262061074,100.81191380779242,100.86191380779243
22,100.87846156983579,100.85346156983579,100.9034615698358,0.9984802243052681,100.8734311743219,100.9234311743219
23,100.81920301937102,100.79420301937101,100.84420301937102,0.9991942268033371,100.81418690390707,100.86418690390708
24,101.89954465643424,101.87454465643424,101.92454465643425,0.998195444635319,101.89450856532694,101.94450856532696
25,101.24439299600094,101.21939299600093,101.26939299600095,0.9987089610832582,101.2393671752226,101.28936717522261
26,101.17991613770647,101.15491613770646,101.20491613770648,0.685196325887222,101.16862006422421,101.21862006422423
27,100.39962962715252,100.37462962715252,100.42462962715253,-0.697065311917023,100.36068832091418,100.41068832091419
28,98.99103346236726,98.96603346236725,99.01603346236726,-0.9275505853620349,98.94748245066,98.99748245066002
29,97.6581171715202,97.6331171715202,97.68311717152021,-0.9917843462701396,97.6132814845948,97.6632814845948
30,98.19666130559878,98.17166130559878,98.22166130559879,-0.9680651557341301,98.1523000024841,98.20230000248411
31,97.81404986267141,97.7890498626714,97.83904986267142,-0.9949861155154422,97.76915014036109,97.8191501403611
32,97.55890821048328,97.53390821048328,97.58390821048329,-0.9998838100261093,97.51391053428276,97.56391053428277
33,97.4207682738761,97.3957682738761,97.44576827387611,-0.9999472662512551,97.37576932855107,97.42576932855108
34,98.51353222375992,98.48853222375992,98.53853222375993,0.9555309116875809,98.50764284199367,98.55764284199368
35,97.90651113207856,97.88151113207856,97.93151113207857,-0.5960588474645473,97.86958995512927,97.91958995512928
36,97.6885104070589,97.6635104070589,97.7135104070589,-0.28508302933763363,97.65780874647214,97.70780874647215
37,97.33413855519086,97.30913855519086,97.35913855519087,-0.4434409909347577,97.30026973537215,97.35026973537217
38,98.14686005858508,98.12186005858507,98.17186005858508,0.9250370426137767,98.14036079943735,98.19036079943736
39,97.58299064090306,97.55799064090306,97.60799064090307,-0.9950507601024025,97.538089625701,97.58808962570102
40,96.42772316520008,96.40272316520007,96.45272316520008,-0.9810710888797526,96.38310174342247,96.43310174342248
41,97.03873938396774,97.01373938396773,97.06373938396774,-0.7693386727852806,96.99835261051203,97.04835261051204
42,96.92093680003717,96.89593680003716,96.94593680003717,-0.5555382683472047,96.88482603467021,96.93482603467022
43,97.05297601958252,97.02797601958251,97.07797601958252,-0.9902097865999211,97.00817182385052,97.05817182385053
44,99.68867476299837,99.66367476299837,99.71367476299838,0.9263197191328966,99.68220115738103,99.73220115738104
45,100.55936145389339,100.53436145389338,100.5843614538934,0.982965038543031,100.55402075466424,100.60402075466425
46,99.61980390645782,99.59480390645781,99.64480390645782,0.913283684100631,99.61306958013982,99.66306958013983
47,100.30884013625976,100.28384013625976,100.33384013625977,0.9845008898454808,100.30353015405666,100.35353015405667
48,101.54690800474324,101.52190800474324,101.57190800474325,0.9999794904735829,101.54190759455271,101.59190759455272
49,100.71317789480918,100.68817789480917,100.73817789480918,0.8995012623953357,100.70616792005708,100.7561679200571
50,102.51784216793239,102.49284216793238,102.54284216793239,0.9405636569661211,102.5116534410717,102.56165344107171
51,103.29007087543323,103.26507087543322,103.31507087543324,0.9947035062364588,103.28496494555796,103.33496494555797
52,101.45413589784553,101.42913589784553,101.47913589784554,0.8140010291841913,101.4454159184292,101.49541591842922
53,99.95312877712604,99.92812877712603,99.97812877712605,-0.8294835326216541,99.9115391064736,99.96153910647361
54,101.19569936904651,101.1706993690465,101.22069936904651,0.3598647795433676,101.17789666463737,101.22789666463738
55,99.66752004555785,99.64252004555784,99.69252004555786,-0.9625144693339842,99.62326975617117,99.67326975617118
56,100.23745768827877,100.21245768827876,100.26245768827877,-0.9991746367538494,100.19247419554368,100.24247419554369
57,99.59408067114641,99.56908067114641,99.61908067114642,-0.9935966007295612,99.54920873913181,99.59920873913183
58,99.06972567491259,99.04472567491258,99.0947256749126,-0.7977635527769937,99.02877040385704,99.07877040385705
59,99.43137097712636,99.40637097712636,99.45637097712637,-0.9995099066701649,99.38638077899296,99.43638077899297
60,99.67480010155505,99.64980010155504,99.69980010155506,0.01713856844314486,99.65014287292391,99.70014287292392
61,100.74798562548398,100.72298562548397,100.77298562548398,0.6709365986550206,100.73640435745708,100.78640435745709
62,100.39575635570995,100.37075635570994,100.42075635570995,0.8202930946143242,100.38716221760222,100.43716221760224
63,101.49892338277996,101.47392338277996,101.52392338277997,0.9941261159779551,101.49380590509952,101.54380590509953
64,100.31059193736809,100.28559193736808,100.3355919373681,0.8659402352943002,100.30291074207396,100.35291074207397
65,101.11464186502188,101.08964186502187,101.13964186502189,0.9938534388265162,101.1095189337984,101.15951893379841
66,101.5667142230138,101.5417142230138,101.59171422301381,0.8795130163506416,101.55930448334081,101.60930448334082
67,101.26737084810927,101.24237084810926,101.29237084810927,0.9390896996113595,101.2611526421015,101.3111526421015
68,102.26313406656571,102.2381340665657,102.28813406656572,0.7921800804371641,102.25397766817444,102.30397766817445
69,102.05853925415256,102.03353925415256,102.08353925415257,0.9982719572959521,102.05350469329848,102.10350469329849
70,103.20169467885836,103.17669467885835,103.22669467885837,0.9926931661466419,103.19654854218129,103.2465485421813
71,104.45748540038447,104.43248540038446,104.48248540038448,0.9824580786137697,104.45213456195674,104.50213456195675
72,105.20647182695227,105.18147182695226,105.23147182695227,0.9936619806867975,105.20134506656599,105.251345066566
73,104.38339261113335,104.35839261113334,104.40839261113335,0.9371088507584049,104.37713478814851,104.42713478814852
74,103.80876861607287,103.78376861607286,103.83376861607287,0.9811507464290936,103.80339163100145,103.85339163100146
75,102.92496715217491,102.89996715217491,102.94996715217492,-0.31492879164432463,102.89366857634202,102.94366857634203
76,100.844826652013,100.81982665201299,100.869826652013,-0.9739641631142608,100.8003473687507,100.85034736875072
77,100.54808817174217,100.52308817174216,100.57308817174217,-0.9908379478505411,100.50327141278515,100.55327141278516
78,100.00395846369585,99.97895846369585,100.02895846369586,-0.990232742144787,99.95915380885295,100.00915380885296
79,102.05195294302149,102.02695294302148,102.0769529430215,-0.9010054064618668,102.00893283489225,102.05893283489226
80,101.36552648559223,101.34052648559222,101.39052648559223,-0.9633910475839296,101.32125866464054,101.37125866464055
81,102.94886072874564,102.92386072874564,102.97386072874565,0.9462399717039081,102.94278552817971,102.99278552817972
82,104.60932411167714,104.58432411167713,104.63432411167715,0.9821140764496532,104.60396639320612,104.65396639320613
83,103.90752603877094,103.88252603877093,103.93252603877094,0.9945822974176968,103.90241768471928,103.9524176847193
84,102.9448241978735,102.9198241978735,102.9698241978735,0.6235797638105784,102.9322957931497,102.98229579314972
85,104.48996849352179,104.46496849352178,104.51496849352179,0.9991441603745983,104.48495137672927,104.53495137672928
86,105.2009413286957,105.1759413286957,105.22594132869571,0.9898757802500805,105.1957388443007,105.24573884430072
87,105.45283031602087,105.42783031602086,105.47783031602087,0.6811848630972385,105.44145401328281,105.49145401328282
88,103.70044549727979,103.67544549727978,103.7254454972798,-0.19587255906682913,103.67152804609844,103.72152804609846
89,102.93608239426194,102.91108239426194,102.96108239426195,-0.008353007028269709,102.91091533412137,102.96091533412138
90,102.84553576534339,102.82053576534338,102.87053576534339,-0.8695462375317078,102.80314484059275,102.85314484059276
91,104.57217031393978,104.54717031393977,104.59717031393978,-0.5120980534224335,104.53692835287133,104.58692835287134
92,106.5381243242217,106.51312432422169,106.5631243242217,0.6128928589135617,106.52538218139996,106.57538218139997
93,104.70678626899776,104.68178626899775,104.73178626899777,0.5801906372253621,104.69339008174227,104.74339008174228
94,103.33544844976672,103.31044844976671,103.36044844976672,0.27120843022337826,103.31587261837117,103.36587261837118
95,105.07680720411994,105.05180720411994,105.10180720411995,0.9595136767437432,105.07099747765481,105.12099747765483
96,103.59981081854667,103.57481081854667,103.62481081854668,-0.6399289708633726,103.5620122391294,103.61201223912941
97,103.51034643583637,103.48534643583636,103.53534643583637,-0.9990718116441453,103.46536499960348,103.51536499960349
98,105.18693623708695,105.16193623708695,105.21193623708696,0.4837661122180558,105.17161155933131,105.22161155933132
99,105.25522226922189,105.23022226922188,105.2802222692219,0.9737206773687113,105.24969668276925,105.29969668276927
100,106.08242671415928,106.05742671415928,106.10742671415929,0.7126120668947666,106.07167895549718,106.12167895549719
101,104.58086500608378,104.55586500608378,104.60586500608379,0.7734488246973333,104.57133398257773,104.62133398257774
102,104.81731567596067,104.79231567596067,104.84231567596068,0.9794310409427808,104.81190429677952,104.86190429677953
103,104.61762086918507,104.59262086918507,104.64262086918508,-0.7209295040520491,104.57820227910403,104.62820227910404
104,104.0926128849794,104.0676128849794,104.11761288497941,-0.915554208637202,104.04930180080666,104.09930180080667
105,105.02157505590463,104.99657505590463,105.04657505590464,-0.9956424244119415,104.9766622074164,105.02666220741641
106,105.52144597029877,105.49644597029877,105.54644597029878,0.9459237450197201,105.51536444519915,105.56536444519917
107,104.81713335632281,104.79213335632281,104.84213335632282,-0.00034726900989957594,104.79212641094261,104.84212641094263
108,106.01316641719262,105.98816641719262,106.03816641719263,0.9579537539466836,106.00732549227155,106.05732549227156
109,106.47416952326134,106.44916952326133,106.49916952326134,0.9980665040772112,106.46913085334288,106.51913085334289
110,105.86990033133465,105.84490033133464,105.89490033133465,0.8790758048907394,105.86248184743246,105.91248184743247
111,107.15088719680462,107.12588719680461,107.17588719680462,0.9561662074237617,107.1450105209531,107.1950105209531
112,107.17758409695757,107.15258409695757,107.20258409695758,0.9990784719009014,107.17256566639558,107.2225656663956
113,106.40328671173556,106.37828671173556,106.42828671173557,0.6077741469119939,106.3904421946738,106.4404421946738
114,107.6725335818685,107.6475335818685,107.69753358186851,0.932905400580255,107.66619168988011,107.71619168988012
115,106.72678057187082,106.70178057187081,106.75178057187082,0.9439795097411067,106.72066016206564,106.77066016206565
116,107.64788768896547,107.62288768896546,107.67288768896547,0.7099789868123078,107.6370872687017,107.68708726870172
117,105.61607840545966,105.59107840545965,105.64107840545967,-0.9457673899121518,105.57216305766141,105.62216305766142
118,105.06432736450651,105.0393273645065,105.08932736450652,-0.8124034058428629,105.02307929638965,105.07307929638966
119,106.77896587805054,106.75396587805054,106.80396587805055,-0.7023702161328575,106.73991847372788,106.7899184737279
120,107.86039322911918,107.83539322911918,107.88539322911919,0.7269125143945079,107.84993147940706,107.89993147940707
121,109.6719688043486,109.64696880434859,109.6969688043486,0.7998124412952341,109.66296505317449,109.7129650531745
122,108.7842151220882,108.7592151220882,108.8092151220882,0.9432553376101873,108.7780802288404,108.8280802288404
123,108.7788412498907,108.7538412498907,108.80384124989071,0.997694102983716,108.77379513195038,108.82379513195039
124,107.33923761573554,107.31423761573554,107.36423761573555,0.5497311994611561,107.32523223972476,107.37523223972477
125,106.56908135285545,106.54408135285544,106.59408135285545,-0.7754666890568324,106.5285720190743,106.57857201907431
126,105.08781418966832,105.06281418966832,105.11281418966833,-0.9942672324961758,105.0429288450184,105.0929288450184
127,104.27176554447854,104.24676554447854,104.29676554447855,-0.9871492343938735,104.22702255979065,104.27702255979067
128,102.81775279888423,102.79275279888422,102.84275279888423,-0.997319612507413,102.77280640663407,102.82280640663409
129,103.07077150252726,103.04577150252726,103.09577150252727,-0.9922686423103784,103.02592612968105,103.07592612968106
130,102.37257645138097,102.34757645138096,102.39757645138097,-0.9988733186208858,102.32759898500854,102.37759898500855
131,100.33120874901047,100.30620874901047,100.35620874901048,-0.9973378235241454,100.28626199253998,100.33626199253999
132,99.9706486564031,99.9456486564031,99.9956486564031,-0.994646917750609,99.92575571804808,99.97575571804809
133,99.0349032144076,99.0099032144076,99.05990321440761,-0.9770498070685236,98.99036221826623,99.04036221826624
134,99.0813806603579,99.05638066035789,99.1063806603579,-0.9943708297298223,99.03649324376329,99.0864932437633
135,98.6348881712512,98.6098881712512,98.65988817125121,-0.9999470382051283,98.5898892304871,98.63988923048711
136,99.76532787453867,99.74032787453866,99.79032787453868,-0.7706158416898214,99.72491555770486,99.77491555770487
137,98.80961453804471,98.7846145380447,98.83461453804472,-0.9909351894592767,98.76479583425552,98.81479583425553
138,98.173740573384,98.14874057338399,98.198740573384,-0.8980888336868249,98.13077879671026,98.18077879671027
139,97.99587405325549,97.97087405325549,98.0208740532555,-0.9164480759849936,97.95254509173579,98.0025450917358
140,98.44998205735482,98.42498205735481,98.47498205735482,-0.25795288002970984,98.41982299975422,98.46982299975423
141,96.82751894560329,96.80251894560328,96.8525189456033,-0.9992087857106865,96.78253476988907,96.83253476988908
142,95.85668557802887,95.83168557802887,95.88168557802888,-0.9911946383158321,95.81186168526256,95.86186168526257
143,95.62904029614205,95.60404029614205,95.65404029614206,-0.9659411249377533,95.58472147364328,95.6347214736433
144,95.53410054320337,95.50910054320336,95.55910054320337,-0.9646496173200169,95.48980755085697,95.53980755085698
145,95.57572421466352,95.55072421466352,95.60072421466353,-0.9999508333213138,95.53072519799709,95.5807251979971
146,93.11646276244706,93.09146276244705,93.14146276244706,-0.9970400016502018,93.07152196241405,93.12152196241406
147,94.2520942493625,94.2270942493625,94.2770942493625,-0.8938875529764819,94.20921649830296,94.25921649830298
148,92.6518604922592,92.6268604922592,92.67686049225921,-0.9763363739342662,92.6073337647805,92.65733376478052
149,94.6581852667362,94.63318526673619,94.6831852667362,-0.6307242654144956,94.6205707814279,94.67057078142791
150,94.72029007425155,94.69529007425155,94.74529007425156,-0.7207157207788272,94.68087575983597,94.73087575983598
151,94.36392942172796,94.33892942172795,94.38892942172797,0.8995120363505638,94.35691966245497,94.40691966245498
152,93.77987158665509,93.75487158665509,93.8048715866551,-0.5008239835452781,93.74485510698418,93.79485510698419
153,93.13148101073189,93.10648101073188,93.1564810107319,0.6135684443824674,93.11875237961954,93.16875237961955
154,94.7441702380862,94.71917023808619,94.7691702380862,0.12416889834852983,94.72165361605316,94.77165361605317
155,94.11340672192071,94.0884067219207,94.13840672192072,-0.7580365278976451,94.07324599136275,94.12324599136277
156,94.23978192034734,94.21478192034733,94.26478192034735,-0.20491653071105415,94.21068358973311,94.26068358973312
157,94.32427359764307,94.29927359764307,94.34927359764308,0.7225312139254241,94.31372422192158,94.36372422192159
158,95.11886921272803,95.09386921272802,95.14386921272803,0.9998601190150899,95.11386641510832,95.16386641510833
159,96.402651246009,96.377651246009,96.427651246009,0.9391196768666163,96.39643363954633,96.44643363954634
160,95.09973955201745,95.07473955201745,95.12473955201746,0.8128240713488097,95.09099603344443,95.14099603344444
161,94.69603724481459,94.67103724481458,94.7210372448146,0.524124986885885,94.6815197445523,94.73151974455232
162,94.19195121792912,94.16695121792911,94.21695121792912,-0.16011780182095728,94.16374886189269,94.2137488618927
163,93.81407776339407,93.78907776339406,93.83907776339407,-0.8628454447445595,93.77182085449917,93.82182085449918
164,90.98145348085266,90.95645348085266,91.00645348085267,-0.9974574394688013,90.93650433206328,90.98650433206329
165,92.3131366064189,92.28813660641889,92.3381366064189,-0.9495095173373618,92.26914641607215,92.31914641607216
166,91.36771686283231,91.3427168628323,91.39271686283232,-0.981006687818109,91.32309672907594,91.37309672907595
167,90.81481472928307,90.78981472928307,90.83981472928308,-0.9914942723129365,90.76998484383681,90.81998484383682
168,90.54041010572536,90.51541010572535,90.56541010572536,-0.9998509126839273,90.49541308747168,90.54541308747169
169,91.00855311649386,90.98355311649385,91.03355311649386,0.03943626475588739,90.98434184178898,91.03434184178899
170,90.8267067121659,90.8017067121659,90.8517067121659,-0.9998835374888587,90.78170904141612,90.83170904141613
171,90.22688006782212,90.20188006782212,90.25188006782213,-0.9988698720698025,90.18190267038072,90.23190267038073
172,90.64502449863014,90.62002449863013,90.67002449863014,-0.5177789407619362,90.6096689198149,90.6596689198149
173,91.35054157867373,91.32554157867372,91.37554157867373,0.9593592619239412,91.3447287639122,91.39472876391221
174,90.17147711424815,90.14647711424814,90.19647711424815,-0.9397790102773309,90.1276815340426,90.1776815340426
175,91.73426931561606,91.70926931561605,91.75926931561607,0.864247023931871,91.72655425609469,91.7765542560947
176,91.83494055666752,91.80994055666751,91.85994055666752,0.9775445499713237,91.82949144766694,91.87949144766695
177,92.8521884571206,92.8271884571206,92.87718845712061,0.9793554279311385,92.84677556567922,92.89677556567923
178,91.30497736206885,91.27997736206885,91.32997736206886,-0.04691879854210734,91.279038986098,91.32903898609801
179,92.28551602425641,92.2605160242564,92.31051602425642,0.9984716578216506,92.28048545741284,92.33048545741285
180,93.76013525456314,93.73513525456313,93.78513525456314,0.9726778558540861,93.75458881168021,93.80458881168022
181,94.23751135824769,94.21251135824768,94.26251135824769,0.9678987372552645,94.23186933299279,94.2818693329928
182,93.70216239185763,93.67716239185762,93.72716239185763,0.6016952779176934,93.68919629741598,93.73919629741599
183,93.26944466581556,93.24444466581555,93.29444466581556,0.9904163148407694,93.26425299211236,93.31425299211237
184,93.04907288339551,93.0240728833955,93.07407288339552,0.9290389638480709,93.04265366267246,93.09265366267248
185,92.8196203664813,92.7946203664813,92.84462036648131,-0.9315644678348768,92.7759890771246,92.82598907712462
186,91.51154834653819,91.48654834653819,91.5365483465382,-0.9972743731787107,91.46660285907461,91.51660285907462
187,90.90417063399866,90.87917063399865,90.92917063399867,-0.9907541776021497,90.85935555044661,90.90935555044662
188,91.36920904440046,91.34420904440046,91.39420904440047,-0.9645205913482618,91.32491863257349,91.3749186325735
189,92.3710518899206,92.34605188992059,92.3960518899206,-0.7006969990153564,92.33203794994029,92.3820379499403
190,91.17002193681687,91.14502193681686,91.19502193681687,-0.9947516867420038,91.12512690308202,91.17512690308203
191,90.87917110242428,90.85417110242427,90.90417110242429,-0.7756483005948122,90.83865813641238,90.88865813641239
192,91.43792285379729,91.41292285379728,91.4629228537973,0.7403859467894961,91.42773057273307,91.47773057273308
193,89.71455403753706,89.68955403753705,89.73955403753706,-0.9378632299989964,89.67079677293707,89.72079677293708
194,89.07672974724046,89.05172974724046,89.10172974724047,-0.9970086315401754,89.03178957460966,89.08178957460967
195,89.87986038935585,89.85486038935585,89.90486038935586,-0.8766626633283122,89.83732713608929,89.8873271360893
196,90.31118847583588,90.28618847583587,90.33618847583588,-0.5700125310922283,90.27478822521402,90.32478822521404
197,90.03881377589667,90.01381377589666,90.06381377589668,-0.9953057696135229,89.99390766050439,90.0439076605044
198,91.14505576425364,91.12005576425364,91.17005576425365,0.9573771370200741,91.13920330699403,91.18920330699405
199,90.6745316170472,90.64953161704719,90.6995316170472,0.9962245277679236,90.66945610760254,90.71945610760255
200,90.15000608738721,90.1250060873872,90.17500608738722,0.5370461648026643,90.13574701068326,90.18574701068327
201,90.26125673208116,90.23625673208116,90.28625673208117,-0.10929944579548968,90.23407074316525,90.28407074316526
202,90.15561013682563,90.13061013682562,90.18061013682563,0.2647089825489662,90.1359043164766,90.18590431647661
203,91.0137458180597,90.9887458180597,91.03874581805971,-0.33165532032024736,90.98211271165329,91.0321127116533
204,90.40426762081626,90.37926762081625,90.42926762081626,-0.6357030057207012,90.36655356070183,90.41655356070184
205,90.57107715819662,90.54607715819661,90.59607715819662,0.8490198227153654,90.56305755465091,90.61305755465092
206,90.76553787870493,90.74053787870493,90.79053787870494,0.9107035464426679,90.75875194963378,90.80875194963379
207,90.43773481948122,90.41273481948122,90.46273481948123,0.8053837324824853,90.42884249413086,90.47884249413087
208,88.92336343838426,88.89836343838425,88.94836343838426,-0.993049501529209,88.87850244835367,88.92850244835368
209,89.33707112885754,89.31207112885754,89.36207112885755,-0.8613181799898071,89.29484476525775,89.34484476525776
210,88.67822914075099,88.65322914075098,88.70322914075099,-0.9669576342229009,88.63388998806653,88.68388998806654
211,89.41807411323065,89.39307411323064,89.44307411323065,-0.9638247652280353,89.37379761792607,89.42379761792608
212,87.35487674889526,87.32987674889526,87.37987674889527,-0.998785818104099,87.30990103253318,87.35990103253319
213,87.39379994915201,87.368799949152,87.41879994915202,-0.9074039402857281,87.3506518703463,87.40065187034631
214,86.0692646008517,86.04426460085169,86.0942646008517,-0.9870382868060569,86.02452383511557,86.07452383511558
215,85.26538264562828,85.24038264562827,85.29038264562828,-0.9739334720894631,85.22090397618648,85.27090397618649
216,85.82535883574681,85.8003588357468,85.85035883574682,-0.9989464842659105,85.78037990606148,85.8303799060615
217,86.59366759383656,86.56866759383655,86.61866759383656,-0.7365711754703502,86.55393617032715,86.60393617032716
218,86.57381792688787,86.54881792688786,86.59881792688788,-0.9006364320724835,86.53080519824641,86.58080519824642
219,84.55028771833474,84.52528771833474,84.57528771833475,-0.9395224367652107,84.50649726959944,84.55649726959945
220,84.46085827348935,84.43585827348934,84.48585827348936,-0.6459430114176484,84.42293941326099,84.472939413261
221,83.87842593235558,83.85342593235558,83.90342593235559,-0.9090717711555703,83.83524449693246,83.88524449693247
222,84.87817009825534,84.85317009825533,84.90317009825534,-0.9332520068786879,84.83450505811776,84.88450505811777
223,84.82135031331786,84.79635031331786,84.84635031331787,-0.9996973807067194,84.77635636570372,84.82635636570373
224,85.64787295547069,85.62287295547068,85.6728729554707,0.9352343822956142,85.64157764311659,85.6915776431166
225,85.23786404450678,85.21286404450677,85.26286404450678,0.8286230260898587,85.22943650502857,85.27943650502858
226,86.3764934813884,86.35149348138839,86.4014934813884,0.9991671704280298,86.37147682479694,86.42147682479695
227,85.75492624259171,85.7299262425917,85.77992624259171,0.9056563878290914,85.74803937034828,85.79803937034829
228,86.07312450637792,86.04812450637792,86.09812450637793,0.9939348288549903,86.06800320295501,86.11800320295502
229,85.4723217516406,85.4473217516406,85.49732175164061,-0.36719642408107694,85.43997782315898,85.489977823159
230,84.43752973926883,84.41252973926882,84.46252973926883,-0.7914545335459681,84.3967006485979,84.44670064859791
231,85.21941129144314,85.19441129144313,85.24441129144314,-0.9529603649035829,85.17535208414506,85.22535208414507
232,85.70286182703185,85.67786182703185,85.72786182703186,-0.08461420254119303,85.67616954298103,85.72616954298104
233,88.33383585040384,88.30883585040384,88.35883585040385,0.9105452048997991,88.32704675450184,88.37704675450185
234,89.35333970371012,89.32833970371011,89.37833970371013,0.949910447705987,89.34733791266423,89.39733791266424
235,88.67667676421844,88.65167676421844,88.70167676421845,0.9789240124364814,88.67125524446716,88.72125524446717
236,88.3722152740674,88.3472152740674,88.3972152740674,0.9784991621528669,88.36678525731045,88.41678525731047
237,88.6721746171487,88.64717461714869,88.6971746171487,0.9999990230833636,88.66717459761036,88.71717459761037
238,89.74077864593177,89.71577864593176,89.76577864593177,0.9864560001475313,89.73550776593471,89.78550776593472
239,90.26343257144441,90.2384325714444,90.28843257144442,0.8072175877819833,90.25457692320005,90.30457692320006
240,90.97241611136621,90.94741611136621,90.99741611136622,0.9713272062960484,90.96684265549213,91.01684265549214
241,91.46990782998039,91.44490782998038,91.49490782998039,0.9932090307615943,91.46477201059561,91.51477201059562
242,92.71377606032867,92.68877606032866,92.73877606032868,0.9982395238901686,92.70874085080646,92.75874085080648
243,91.70842238576712,91.68342238576712,91.73342238576713,0.9741183847163076,91.70290475346144,91.75290475346145
244,91.21704004023502,91.19204004023501,91.24204004023503,0.8892358066144807,91.2098247563673,91.25982475636731
245,91.71914307935383,91.69414307935382,91.74414307935383,0.865153154455242,91.71144614244292,91.76144614244294
246,93.3216446267845,93.2966446267845,93.34664462678451,0.973732154646758,93.31611926987743,93.36611926987744
247,92.56536447172877,92.54036447172876,92.59036447172878,-0.17595554496317836,92.5368453608295,92.58684536082951
248,91.62750264107989,91.60250264107988,91.65250264107989,-0.09546607376449812,91.60059331960458,91.6505933196046
249,92.09877383748409,92.07377383748408,92.1237738374841,0.852851813114246,92.09083087374637,92.14083087374638
250,91.62087524057414,91.59587524057413,91.64587524057414,-0.13627965061746902,91.59314964756179,91.6431496475618
251,92.17187251156444,92.14687251156444,92.19687251156445,-0.9936474517766755,92.12699956252891,92.17699956252892
252,93.55982893406252,93.53482893406252,93.58482893406253,0.8489535182317095,93.55180800442714,93.60180800442716
253,93.097741226351,93.072741226351,93.12274122635101,0.9519108069420535,93.09177944248984,93.14177944248985
254,92.85917089188759,92.83417089188758,92.88417089188759,0.757430756734851,92.84931950702227,92.89931950702228
255,92.63309188086834,92.60809188086833,92.65809188086834,0.960783576580309,92.62730755239994,92.67730755239995
256,92.6948587109064,92.6698587109064,92.71985871090641,0.8833194735079408,92.68752510037656,92.73752510037657
257,92.57347219336243,92.54847219336243,92.59847219336244,-0.9998246845467469,92.52847569967149,92.5784756996715
258,91.61981285813276,91.59481285813276,91.64481285813277,-0.9951885039176112,91.5749090880544,91.62490908805441
259,92.4655463037549,92.4405463037549,92.49054630375491,-0.7108629759008664,92.42632904423688,92.47632904423689
260,92.2354255265939,92.2104255265939,92.2604255265939,-0.7329816777185966,92.19576589303952,92.24576589303953
261,92.74626076162042,92.72126076162041,92.77126076162043,0.11705948573365066,92.72360195133508,92.7736019513351
262,93.21361627573397,93.18861627573396,93.23861627573397,0.7930722496973402,93.20447772072791,93.25447772072792
263,93.30433862994545,93.27933862994544,93.32933862994545,0.9986107516800254,93.29931084497905,93.34931084497906
264,92.59692551858794,92.57192551858793,92.62192551858794,0.2879176889097536,92.57768387236612,92.62768387236613
265,92.12963634575983,92.10463634575983,92.15463634575984,-0.21719816374204579,92.100292382485,92.150292382485
266,93.91121780681671,93.8862178068167,93.93621780681671,0.9351064146562293,93.90491993510983,93.95491993510984
267,93.46284858712657,93.43784858712657,93.48784858712658,0.3366767257912826,93.4445821216424,93.49458212164241
268,92.25604216747283,92.23104216747282,92.28104216747283,-0.8725139688598732,92.21359188809562,92.26359188809563
269,92.9866942486392,92.96169424863919,93.0116942486392,0.469389647148753,92.97108204158216,93.02108204158218
270,94.9661169289159,94.94111692891589,94.9911169289159,0.992507818111463,94.96096708527811,95.01096708527812
271,94.2784470277553,94.2534470277553,94.30344702775531,0.33209723589598256,94.26008897247321,94.31008897247322
272,93.16766325589366,93.14266325589365,93.19266325589366,-0.2665361836421101,93.13733253222081,93.18733253222082
273,93.55506489138946,93.53006489138946,93.58006489138947,0.918337417603605,93.54843163974152,93.59843163974153
274,93.79699923449365,93.77199923449365,93.82199923449366,0.8229881684409709,93.78845899786246,93.83845899786247
275,95.01368543991326,94.98868543991325,95.03868543991327,0.06667448540110449,94.99001892962127,95.04001892962128
276,95.30467958874135,95.27967958874135,95.32967958874136,0.7982524687624933,95.2956446381166,95.34564463811661
277,95.57216369859111,95.5471636985911,95.59716369859112,0.9897094446141895,95.56695788748338,95.6169578874834
278,95.84962214692825,95.82462214692825,95.87462214692826,0.9937693870841425,95.84449753466993,95.89449753466994
279,95.4915317403238,95.46653174032379,95.5165317403238,0.9999625220524634,95.48653099076483,95.53653099076485
280,96.45470201357953,96.42970201357953,96.47970201357954,0.9967997608609629,96.44963800879675,96.49963800879677
281,95.42602036540339,95.40102036540338,95.4510203654034,0.28038896323681267,95.40662814466812,95.45662814466813
282,94.02969086392578,94.00469086392577,94.05469086392579,-0.938770445505211,93.98591545501567,94.03591545501568
283,94.50632589370032,94.48132589370032,94.53132589370033,-0.8904295223857607,94.4635173032526,94.51351730325261
284,95.89385150585898,95.86885150585897,95.91885150585898,0.3846099264400924,95.87654370438777,95.92654370438778
285,97.47488262886802,97.44988262886801,97.49988262886802,0.64117993450208,97.46270622755806,97.51270622755807
286,98.03374969424705,98.00874969424704,98.05874969424706,0.9012801763560925,98.02677529777417,98.07677529777418
287,97.2184150575396,97.1934150575396,97.24341505753961,0.9777307325273512,97.21296967219014,97.26296967219015
288,96.56108759466147,96.53608759466147,96.58608759466148,0.9860021183551746,96.55580763702856,96.60580763702858
289,97.19696760651382,97.17196760651382,97.22196760651383,0.9851982131160049,97.19167157077614,97.24167157077615
290,97.9279578289184,97.90295782891839,97.9529578289184,0.6354810892639084,97.91566745070367,97.96566745070368
291,97.39991559512534,97.37491559512533,97.42491559512534,-0.8601345323648937,97.35771290447803,97.40771290447805
292,96.92439899593941,96.8993989959394,96.94939899593942,-0.5173828468873531,96.88905133900165,96.93905133900167
293,97.37612809827503,97.35112809827503,97.40112809827504,0.9765430720540168,97.37065895971611,97.42065895971612
294,98.24570338416369,98.22070338416368,98.2707033841637,0.9660660590981504,98.24002470534565,98.29002470534566
295,97.63449413036636,97.60949413036636,97.65949413036637,-0.5432579873998321,97.59862897061836,97.64862897061838
296,97.09567765452417,97.07067765452416,97.12067765452417,-0.5277759052574397,97.06012213641901,97.11012213641902
297,97.12271329316403,97.09771329316402,97.14771329316403,0.39625838262481283,97.10563846081652,97.15563846081653
298,98.71014206014038,98.68514206014038,98.73514206014039,0.9549961736527485,98.70424198361343,98.75424198361344
299,97.13089239047477,97.10589239047476,97.15589239047478,-0.9232071058519005,97.08742824835772,97.13742824835774
300,97.52667399362943,97.50167399362942,97.55167399362944,-0.1549481082972566,97.49857503146347,97.54857503146349
301,98.8017138756829,98.7767138756829,98.82671387568291,0.9667875568092921,98.79604962681908,98.8460496268191
302,99.21239823854798,99.18739823854797,99.23739823854798,0.9812846851935418,99.20702393225184,99.25702393225185
303,98.26661215826138,98.24161215826138,98.29161215826139,-0.4724764230206194,98.23216262980097,98.28216262980098
304,97.65569898201302,97.63069898201302,97.68069898201303,0.6197596972902217,97.64309417595882,97.69309417595883
305,96.81872102252514,96.79372102252513,96.84372102252514,-0.6339232924640296,96.78104255667586,96.83104255667587
306,97.77290018143955,97.74790018143955,97.79790018143956,-0.8243522450294487,97.73141313653896,97.78141313653897
307,98.26170925431784,98.23670925431783,98.28670925431784,-0.922257120194803,98.21826411191394,98.26826411191395
308,98.22580862754752,98.20080862754752,98.25080862754753,-0.06973857501014294,98.19941385604731,98.24941385604733
309,98.84380613236165,98.81880613236164,98.86880613236166,0.9177575375699247,98.83716128311305,98.88716128311306
310,98.5969107223136,98.57191072231359,98.6219107223136,0.9996835260018293,98.59190439283363,98.64190439283364
311,97.41332891271838,97.38832891271838,97.43832891271839,-0.5812015213051499,97.37670488229227,97.42670488229228
312,96.76802394310579,96.74302394310578,96.7930239431058,-0.9392352354873809,96.72423923839604,96.77423923839605
313,97.90043429255032,97.87543429255031,97.92543429255032,-0.36486871791185754,97.86813691819208,97.91813691819209
314,98.13665961098906,98.11165961098905,98.16165961098906,-0.7651925233012039,98.09635576052302,98.14635576052304
315,96.90763732964487,96.88263732964487,96.93263732964488,-0.9929671383970227,96.86277798687692,96.91277798687693
316,96.96827115370311,96.94327115370311,96.99327115370312,-0.6065768467896493,96.93113961676731,96.98113961676732
317,98.16337309592058,98.13837309592057,98.18837309592058,0.9769189437452529,98.15791147479547,98.20791147479548
318,96.0763631415521,96.05136314155209,96.1013631415521,-0.9668226419020494,96.03202668871404,96.08202668871405
319,96.27421168999115,96.24921168999114,96.29921168999115,-0.9793042217736722,96.22962560555567,96.27962560555568
320,95.402061169422,95.37706116942199,95.427061169422,-0.893039590871571,95.35920037760457,95.40920037760458
321,93.54542341852671,93.5204234185267,93.57042341852672,-0.9677816916830433,93.50106778469305,93.55106778469306
322,92.89577519914633,92.87077519914632,92.92077519914633,-0.9979622349259107,92.85081595444781,92.90081595444782
323,91.30244283128843,91.27744283128843,91.32744283128844,-0.9838056044872234,91.25776671919868,91.3077667191987
324,91.58236333434392,91.55736333434392,91.60736333434393,-0.9931295408838051,91.53750074352624,91.58750074352625
325,90.56609530720982,90.54109530720982,90.59109530720983,-0.9993019572390812,90.52110926806503,90.57110926806504
326,90.46148082007308,90.43648082007307,90.48648082007308,-0.9962889501586547,90.4165550410699,90.46655504106991
327,91.03157977587571,91.00657977587571,91.05657977587572,-0.999197073954666,90.98659583439661,91.03659583439662
328,91.87805880613305,91.85305880613305,91.90305880613306,0.7301614369138171,91.86766203487133,91.91766203487134
329,92.16175315082675,92.13675315082675,92.18675315082676,0.637861217516599,92.14951037517709,92.1995103751771
330,92.32961854765448,92.30461854765447,92.35461854765448,0.9763456760548194,92.32414546117556,92.37414546117557
331,92.04132808475643,92.01632808475642,92.06632808475644,0.9960910376303205,92.03624990550902,92.08624990550904
332,91.74224510349303,91.71724510349303,91.76724510349304,0.9957728164678641,91.73716055982239,91.7871605598224
333,92.3608981262335,92.33589812623349,92.3858981262335,0.9581111259068344,92.35506034875162,92.40506034875163
334,93.14949569948956,93.12449569948956,93.17449569948957,0.9547179532282244,93.14359005855412,93.19359005855414
335,94.0249610966553,93.9999610966553,94.04996109665531,0.9502390673241154,94.01896587800178,94.06896587800179
336,93.75893707198937,93.73393707198936,93.78393707198937,0.9468875604001772,93.75287482319736,93.80287482319737
337,93.91468264520519,93.88968264520518,93.9396826452052,0.996239450553496,93.90960743421626,93.95960743421627
338,93.66211004097823,93.63711004097823,93.68711004097824,0.9990738906598786,93.65709151879143,93.70709151879144
339,93.71189296410458,93.68689296410457,93.73689296410458,0.9988382772475183,93.70686972964953,93.75686972964954
340,93.33967258098026,93.31467258098026,93.36467258098027,-0.9969652033829218,93.2947332769126,93.3447332769126
341,93.15401878039228,93.12901878039227,93.17901878039228,-0.9627339956578717,93.10976410047911,93.15976410047912
342,93.04060207011374,93.01560207011373,93.06560207011374,-0.9942374884504994,92.99571732034472,93.04571732034474
343,92.32038853390738,92.29538853390737,92.34538853390738,-0.9895548961480541,92.27559743598441,92.32559743598442
344,93.40785743233052,93.38285743233051,93.43285743233052,-0.6041944055794777,93.37077354421892,93.42077354421893
345,93.03654657778924,93.01154657778923,93.06154657778924,-0.6347422855317717,92.99885173207859,93.0488517320786
346,92.60099820908937,92.57599820908936,92.62599820908937,-0.8626325712672326,92.55874555766403,92.60874555766404
347,90.42450028554036,90.39950028554036,90.44950028554037,-0.9784415941684658,90.37993145365698,90.42993145365699
348,89.87652564244073,89.85152564244072,89.90152564244073,-0.9089095350189782,89.83334745174034,89.88334745174035
349,91.4143899055421,91.38938990554209,91.4393899055421,-0.8993389810394781,91.3714031259213,91.42140312592132
350,93.50669435230283,93.48169435230282,93.53169435230284,0.3032743671769968,93.48775983964636,93.53775983964637
351,91.06588040900985,91.04088040900984,91.09088040900986,-0.8022583023407618,91.02483524296304,91.07483524296305
352,90.499303907652,90.474303907652,90.52430390765201,0.054211390029380184,90.47538813545259,90.5253881354526
353,92.21796743109199,92.19296743109199,92.242967431092,0.9644510836275577,92.21225645276454,92.26225645276455
354,92.2852006648053,92.2602006648053,92.31020066480531,0.631239086218181,92.27282544652967,92.32282544652968
355,95.55631718033088,95.53131718033087,95.58131718033088,0.7800512613398614,95.54691820555767,95.59691820555769
356,95.15928645517033,95.13428645517033,95.18428645517034,0.9566577814297179,95.15341961079892,95.20341961079893
357,94.88536962928636,94.86036962928635,94.91036962928636,0.9907578335108304,94.88018478595657,94.93018478595658
358,93.72029662366624,93.69529662366624,93.74529662366625,0.8115025448759748,93.71152667456376,93.76152667456377
359,94.00539160174976,93.98039160174976,94.03039160174977,0.9764006435561436,93.99991961462088,94.04991961462089
360,93.32117536895181,93.29617536895181,93.34617536895182,-0.9935720059175889,93.27630392883346,93.32630392883347
361,93.31040122155399,93.28540122155398,93.335401221554,-0.9933263311907399,93.26553469493017,93.31553469493018
362,93.25135939842262,93.22635939842262,93.27635939842263,-0.999904728568589,93.20636130385124,93.25636130385125
363,96.34994365279601,96.32494365279601,96.37494365279602,0.9630780110089808,96.34420521301618,96.39420521301619
364,95.81362619838002,95.78862619838002,95.83862619838003,0.8259174914019484,95.80514454820805,95.85514454820806
365,97.08924648744612,97.06424648744611,97.11424648744612,0.9716289423635486,97.08367906629339,97.1336790662934
366,95.82313748627173,95.79813748627173,95.84813748627174,0.9398797978665797,95.81693508222907,95.86693508222908
367,94.92475142171803,94.89975142171802,94.94975142171803,0.9706637327551846,94.91916469637313,94.96916469637314
368,94.34906152847243,94.32406152847243,94.37406152847244,-0.9580996448091726,94.30489953557624,94.35489953557625
369,93.89300569503094,93.86800569503093,93.91800569503094,-0.9070814100038748,93.84986406683085,93.89986406683086
370,93.62253943434452,93.59753943434451,93.64753943434452,-0.9992505164690989,93.57755442401513,93.62755442401514
371,92.65890687914127,92.63390687914126,92.68390687914128,-0.9988641937234574,92.6139295952668,92.66392959526681
372,92.07450350045853,92.04950350045853,92.09950350045854,-0.9956254034139436,92.02959099239025,92.07959099239027
373,92.3439418679263,92.3189418679263,92.36894186792631,-0.9868454549139865,92.29920495882801,92.34920495882803
374,93.4728444417587,93.44784444175869,93.4978444417587,-0.5464216925077159,93.43691600790854,93.48691600790855
375,93.33305682777934,93.30805682777934,93.35805682777935,-0.44187962319672464,93.2992192353154,93.34921923531542
376,93.94425974095954,93.91925974095953,93.96925974095954,0.9251237377516062,93.93776221571457,93.98776221571458
377,94.44286551185995,94.41786551185994,94.46786551185996,0.9952997013311919,94.43777150588657,94.48777150588658
378,94.0049681537576,93.9799681537576,94.02996815375761,0.9988487977431291,93.99994512971246,94.04994512971247
379,91.76423384836859,91.73923384836858,91.7892338483686,-0.9264058195576278,91.72070573197743,91.77070573197744
380,92.10037021715576,92.07537021715575,92.12537021715576,-0.7641630637398678,92.06008695588095,92.11008695588096
381,92.20640284225041,92.1814028422504,92.23140284225042,-0.8890898138237376,92.16362104597393,92.21362104597394
382,90.99362889392913,90.96862889392912,91.01862889392913,-0.99604965996226,90.94870790072987,90.99870790072988
383,90.69200600382497,90.66700600382497,90.71700600382498,-0.9998900399878367,90.64700820302521,90.69700820302522
384,91.63970027330623,91.61470027330623,91.66470027330624,-0.18430515971665962,91.61101417011189,91.6610141701119
385,91.91608529178541,91.8910852917854,91.94108529178541,-0.28337356824235904,91.88541782042056,91.93541782042057
386,90.19476399022275,90.16976399022275,90.21976399022276,-0.993697649815449,90.14989003722644,90.19989003722645
387,90.4544916814735,90.4294916814735,90.4794916814735,-0.6125465233754065,90.41724075100599,90.467240751006
388,91.55548032608804,91.53048032608804,91.58048032608805,0.8067686042870561,91.54661569817378,91.59661569817379
389,91.1371312312495,91.11213123124949,91.1621312312495,-0.6003758939405117,91.10012371337068,91.15012371337069
